Site-longitude,Site-latitude,Sample name,"weight (g, with bag)",Site,Site number,Position,depth top,depth bottom,replicate,Sample name isotopes,d18O,Stdev d18O,d2H,Stdev d2H,comment,,
-3.43033,-75.5815,D2_R_6_0,56.9,D,2,60,0,0.33,,D2_R_6_0,-44.73,0.09,-352.3,0.49,,,
-3.43033,-75.5815,D2_R_6_3,41.3,D,2,60,0.33,0.67,,D2_R_6_3,-45.62,0.04,-357.5,0.60,,,
-3.43033,-75.5815,D2_R_6_6,28,D,2,60,0.67,1,,D2_R_6_6,-43.24,0.08,-340.9,0.30,,,
-3.43033,-75.5815,D2_R_7_0,50,D,2,70,0,0.33,,D2_R_7_0,-41.94,0.03,-331.5,0.40,,,
-3.43033,-75.5815,D2_R_7_3,43.6,D,2,70,0.33,0.67,,D2_R_7_3,-45.65,0.04,-359.9,0.78,,,
-3.43033,-75.5815,D2_R_7_6,33.1,D,2,70,0.67,1,,D2_R_7_6,-45.49,0.05,-360.1,0.31,,,
-3.43033,-75.5815,D2_R_8_0,59.5,D,2,80,0,0.33,,D2_R_8_0,-42.60,0.03,-334.8,0.84,,,
-3.43033,-75.5815,D2_R_8_3,35.6,D,2,80,0.33,0.67,,D2_R_8_3,-44.15,0.07,-349.2,0.30,,,
-3.43033,-75.5815,D2_R_8_6,25.5,D,2,80,0.67,1,,D2_R_8_6,-45.33,0.09,-354.8,0.26,,,
-3.43033,-75.5815,D2_R_9_0,53.8,D,2,90,0,0.33,,D2_R_9_0,-42.52,0.05,-332.3,0.55,,,
-3.43033,-75.5815,D2_R_9_3,43.6,D,2,90,0.33,0.67,,D2_R_9_3,-44.18,0.06,-344.9,0.48,,,
-3.43033,-75.5815,D2_R_9_6,34.7,D,2,90,0.67,1,,D2_R_9_6,-45.04,0.05,-352.2,0.82,,,
-3.4522,-75.53168,C3_R_0_0,,C,3,0,0,0.33,,C3_R_0_0N,-42.38,0.02,-334.2,0.11,,,
-3.4522,-75.53168,C3_R_0_3,,C,3,0,0.3,0.67,,C3_R_0_3N,-45.67,0.02,-359.3,0.10,,,
-3.4522,-75.53168,C3_R_0_6,,C,3,0,0.67,1,,C3_R_0_6,-45.09,0.01,-353.7,0.10,,,
-3.4522,-75.53168,C3_R_1_0,,C,3,10,0,0.33,,C3_R_1_0,-41.84,0.03,-329.3,0.23,,,
-3.4522,-75.53168,C3_R_1_3,,C,3,10,0.3,0.67,,C3_R_1_3,-43.17,0.01,-336.9,0.24,,,
-3.4522,-75.53168,C3_R_1_6,,C,3,10,0.67,1,,C3_R_1_6,-48.29,0.03,-377.3,0.42,,,
-3.4522,-75.53168,C3_R_2_0,,C,3,20,0,0.33,,C3_R_2_0,-47.24,0.03,-371.2,0.11,,,
-3.4522,-75.53168,C3_R_2_3,,C,3,20,0.3,0.67,,C3_R_2_3,-43.20,0.02,-339.6,0.07,,,
-3.4522,-75.53168,C3_R_2_6,,C,3,20,0.67,1,,C3_R_2_6,-48.82,0.02,-381.9,0.19,,,
-3.4522,-75.53168,C3_R_3_0,,C,3,30,0,0.33,,C3_R_3_0,-43.95,0.07,-344.5,0.51,,,
-3.4522,-75.53168,C3_R_3_3,,C,3,30,0.3,0.67,,C3_R_3_3,-44.25,0.04,-348.9,0.23,,,
-3.4522,-75.53168,C3_R_3_6,,C,3,30,0.67,1,,C3_R_3_6,-45.09,0.02,-351.9,0.11,,,
-3.4522,-75.53168,C3_R_4_0,,C,3,40,0,0.33,,C3_R_4_0,-42.25,0.04,-332.6,0.27,,,
-3.4522,-75.53168,C3_R_4_3,,C,3,40,0.3,0.67,,C3_R_4_3,-46.94,0.05,-369.9,0.41,,,
-3.4522,-75.53168,C3_R_4_6,,C,3,40,0.67,1,,C3_R_4_6,-43.95,0.03,-345.1,0.16,,,
-3.4522,-75.53168,C3_R_5_0,,C,3,50,0,0.33,,C3_R_5_0,-42.56,0.03,-334.8,0.13,,,
-3.4522,-75.53168,C3_R_5_3,,C,3,50,0.3,0.67,,C3_R_5_3,-47.41,0.08,-372.2,0.64,,,
-3.4522,-75.53168,C3_R_5_6,,C,3,50,0.67,1,,C3_R_5_6,-44.31,0.05,-347.2,0.51,,,
-3.4522,-75.53168,C3_R_6_0,,C,3,60,0,0.33,,C3_R_6_0,-42.98,0.03,-337.8,0.29,,,
-3.4522,-75.53168,C3_R_6_3,,C,3,60,0.3,0.67,,C3_R_6_3,-42.63,0.02,-335.0,0.24,,,
-3.4522,-75.53168,C3_R_6_6,,C,3,60,0.67,1,,C3_R_6_6,-45.69,0.03,-359.6,0.34,,,
-3.4522,-75.53168,C3_R_7_0,,C,3,70,0,0.33,,C3_R_7_0,-42.17,0.04,-329.7,0.32,,,
-3.4522,-75.53168,C3_R_7_3,,C,3,70,0.3,0.67,,C3_R_7_3,-43.97,0.03,-345.9,0.32,,,
-3.4522,-75.53168,C3_R_7_6,,C,3,70,0.67,1,,C3_R_7_6,-46.49,0.04,-365.7,0.31,,,
-3.4522,-75.53168,C3_R_8_0,,C,3,80,0,0.33,,C3_R_8_0,-41.94,0.04,-329.7,0.15,,,
-3.4522,-75.53168,C3_R_8_3,,C,3,80,0.3,0.67,,C3_R_8_3,-45.31,0.09,-356.5,0.76,,,
-3.4522,-75.53168,C3_R_8_6,,C,3,80,0.67,1,,C3_R_8_6,-46.77,0.07,-366.5,0.39,,,
-3.4522,-75.53168,C3_R_9_0,,C,3,90,0,0.33,,C3_R_9_0,-45.05,0.02,-352.2,0.12,,,
-3.4522,-75.53168,C3_R_9_3,,C,3,90,0.3,0.67,,C3_R_9_3,-44.28,0.04,-347.8,0.21,,,
-3.4522,-75.53168,C3_R_9_6,,C,3,90,0.67,1,,C3_R_9_6,-46.15,0.05,-361.2,0.33,,,
-3.35479,-75.56934,D3_R_0_0,65.2,D,3,0,0,0.33,,D3_R_0_0,-43.70,0.05,-344.1,0.39,,,
-3.35479,-75.56934,D3_R_0_3,47,D,3,0,0.33,0.67,,D3_R_0_3,-43.91,0.06,-343.0,0.22,,,
-3.35479,-75.56934,D3_R_0_6,30,D,3,0,0.67,1,,D3_R_0_6,-45.81,0.06,-362.4,0.31,,,
-3.35479,-75.56934,D3_R_1_0,58.7,D,3,10,0,0.33,,D3_R_1_0,-39.99,0.09,-315.1,0.37,,,
-3.35479,-75.56934,D3_R_1_3,48.3,D,3,10,0.33,0.67,,D3_R_1_3,-41.98,0.05,-329.7,0.47,,,
-3.35479,-75.56934,D3_R_1_6,39.9,D,3,10,0.67,1,,D3_R_1_6,-47.68,0.04,-372.5,0.55,,,
-3.35479,-75.56934,D3_R_2_0,60.7,D,3,20,0,0.33,,D3_R_2_0,-43.49,0.05,-340.2,0.38,,,
-3.35479,-75.56934,D3_R_2_3,44,D,3,20,0.33,0.67,,D3_R_2_3,-44.81,0.03,-353.5,0.26,,,
-3.35479,-75.56934,D3_R_2_6,35.6,D,3,20,0.67,1,,D3_R_2_6,-45.63,0.06,-358.0,0.32,,,
-3.35479,-75.56934,D3_R_3_0,57.9,D,3,30,0,0.33,,D3_R_3_0,-42.88,0.04,-337.2,0.37,,,
-3.35479,-75.56934,D3_R_3_3,48.8,D,3,30,0.33,0.67,,D3_R_3_3,-40.47,0.06,-319.7,0.36,,,
-3.35479,-75.56934,D3_R_3_6,33.8,D,3,30,0.67,1,,D3_R_3_6,-45.75,0.07,-358.0,0.13,,,
-3.35479,-75.56934,D3_R_4_0,57.1,D,3,40,0,0.33,,D3_R_4_0,-43.51,0.05,-341.6,0.16,,,
-3.35479,-75.56934,D3_R_4_3,47.5,D,3,40,0.33,0.67,,D3_R_4_3,-45.04,0.02,-356.0,0.25,,,
-3.35479,-75.56934,D3_R_4_6,37.5,D,3,40,0.67,1,,D3_R_4_6,-45.26,0.05,-356.8,0.57,,,
-3.35479,-75.56934,D3_R_5_0,64,D,3,50,0,0.33,,D3_R_5_0,-42.35,0.06,-333.5,0.22,,,
-3.35479,-75.56934,D3_R_5_3,51.6,D,3,50,0.33,0.67,,D3_R_5_3,-44.31,0.09,-348.5,0.78,,,
-3.35479,-75.56934,D3_R_5_6,27.7,D,3,50,0.67,1,,D3_R_5_6,-44.36,0.09,-349.5,0.36,,,
-3.35479,-75.56934,D3_R_6_0,61.2,D,3,60,0,0.33,,D3_R_6_0,-42.34,0.02,-333.6,0.30,,,
-3.35479,-75.56934,D3_R_6_3,45,D,3,60,0.33,0.67,,D3_R_6_3,-43.41,0.02,-343.5,0.26,,,
-3.35479,-75.56934,D3_R_6_6,30,D,3,60,0.67,1,,D3_R_6_6,-48.08,0.06,-378.3,0.46,,,
-3.35479,-75.56934,D3_R_7_0,58.7,D,3,70,0,0.33,,D3_R_7_0,-42.71,0.01,-333.5,0.40,,,
-3.35479,-75.56934,D3_R_7_3,43.2,D,3,70,0.33,0.67,,D3_R_7_3,-46.36,0.06,-362.3,0.38,,,
-3.35479,-75.56934,D3_R_7_6,38.9,D,3,70,0.67,1,,D3_R_7_6,-46.73,0.05,-366.1,0.38,,,
-3.35479,-75.56934,D3_R_8_0,54,D,3,80,0,0.33,,D3_R_8_0,-41.48,0.07,-327.3,0.30,,,
-3.35479,-75.56934,D3_R_8_3,45.1,D,3,80,0.33,0.67,,D3_R_8_3,-44.56,0.08,-348.6,0.51,,,
-3.35479,-75.56934,D3_R_8_6,33.1,D,3,80,0.67,1,,D3_R_8_6,-45.32,0.04,-353.1,0.58,,,
-3.35479,-75.56934,D3_R_9_0,57.9,D,3,90,0,0.33,,D3_R_9_0,-42.34,0.04,-331.4,0.19,,,
-3.35479,-75.56934,D3_R_9_3,50.5,D,3,90,0.33,0.67,,D3_R_9_3,-46.16,0.04,-363.3,0.56,,,
-3.35479,-75.56934,D3_R_9_6,31.3,D,3,90,0.67,1,,D3_R_9_6,-48.22,0.03,-376.6,0.31,,,
-3.3769,-75.51953,C4_R_6_0,,C,4,60,0,0.33,,C4_R_6_0N,-44.40,0.09,-347.4,0.43,,,
-3.3769,-75.51953,C4_R_6_3,,C,4,60,0.3,0.67,,C4_R_6_3N,-44.48,0.05,-350.9,0.71,,,
-3.3769,-75.51953,C4_R_6_6,,C,4,60,0.67,1,,C4_R_6_6N,-43.38,0.06,-342.5,0.52,,,
-3.3769,-75.51953,C4_R_7_0,,C,4,70,0,0.33,,C4_R_7_0NN,-42.50,0.02,-334.1,0.09,,,
-3.3769,-75.51953, C4_R_7_3,,C,4,70,0.3,0.67,, C4_R_7_3N,-44.20,0.05,-350.0,0.42,,,
-3.3769,-75.51953,C4_R_7_6,,C,4,70,0.67,1,,C4_R_7_6,-44.00,0.01,-346.1,0.19,,,
-3.3769,-75.51953,C4_R_8_0,,C,4,80,0,0.33,,C4_R_8_0,-42.76,0.02,-334.7,0.11,,,
-3.3769,-75.51953,C4_R_8_3,,C,4,80,0.3,0.67,,C4_R_8_3,-43.99,0.01,-344.7,0.19,,,
-3.3769,-75.51953,C4_R_8_6,,C,4,80,0.67,1,,C4_R_8_6,-46.89,0.07,-367.5,0.36,,,
-3.3769,-75.51953,C4_R_9_0,,C,4,90,0,0.33,,C4_R_9_0,-44.18,0.03,-346.1,0.17,,,
-3.3769,-75.51953,C4_R_9_3,,C,4,90,0.3,0.67,,C4_R_9_3,-42.34,0.03,-333.2,0.15,,,
-3.3769,-75.51953,C4_R_9_6,,C,4,90,0.67,1,,C4_R_9_6,-42.07,0.01,-333.7,0.13,,,
-3.27938,-75.55715,D4_R_0_0,49,D,4,0,0,0.33,,D4_R_0_0,-42.44,0.07,-333.8,0.57,,,
-3.27938,-75.55715,D4_R_0_3,41.9,D,4,0,0.33,0.67,,D4_R_0_3,-45.65,0.06,-358.4,0.43,,,
-3.27938,-75.55715,D4_R_0_6,34.9,D,4,0,0.67,1,,D4_R_0_6,-43.16,0.07,-339.4,0.56,,,
-3.27938,-75.55715,D4_R_1_0,57.4,D,4,10,0,0.33,,D4_R_1_0,-42.34,0.08,-332.4,0.60,,,
-3.27938,-75.55715,D4_R_1_3,47.9,D,4,10,0.33,0.67,,D4_R_1_3,-45.73,0.07,-360.1,0.29,,,
-3.27938,-75.55715,D4_R_1_6,27.4,D,4,10,0.67,1,,D4_R_1_6,-45.45,0.06,-357.7,0.43,,,
-3.27938,-75.55715,D4_R_2_0,49,D,4,20,0,0.33,,D4_R_2_0,-40.82,0.04,-321.0,0.80,,,
-3.27938,-75.55715,D4_R_2_3,42.2,D,4,20,0.33,0.67,,D4_R_2_3,-41.66,0.03,-327.1,0.30,,,
-3.27938,-75.55715,D4_R_2_6,34.4,D,4,20,0.67,1,,D4_R_2_6,-45.49,0.06,-357.8,0.61,,,
-3.27938,-75.55715,D4_R_3_0,48.7,D,4,30,0,0.33,,D4_R_3_0,-42.32,0.01,-333.3,0.25,,,
-3.27938,-75.55715,D4_R_3_3,40.8,D,4,30,0.33,0.67,,D4_R_3_3,-41.74,0.04,-327.6,0.30,,,
-3.27938,-75.55715,D4_R_3_6,31.1,D,4,30,0.67,1,,D4_R_3_6,-43.74,0.01,-344.8,0.07,,,
-3.27938,-75.55715,D4_R_4_0,53.4,D,4,40,0,0.33,,D4_R_4_0,-42.55,0.08,-333.2,0.74,,,
-3.27938,-75.55715,D4_R_4_3,43.5,D,4,40,0.33,0.67,,D4_R_4_3,-43.64,0.01,-341.8,0.04,,,
-3.27938,-75.55715,D4_R_4_6,35,D,4,40,0.67,1,,D4_R_4_6,-43.43,0.01,-340.6,0.06,,,
-3.27938,-75.55715,D4_R_5_0,53.9,D,4,50,0,0.33,,D4_R_5_0,-42.37,0.01,-332.0,0.04,,,
-3.27938,-75.55715,D4_R_5_3,46.5,D,4,50,0.33,0.67,,D4_R_5_3,-44.33,0.00,-348.6,0.04,,,
-3.27938,-75.55715,D4_R_5_6,35.5,D,4,50,0.67,1,,D4_R_5_6,-43.51,0.05,-341.2,0.51,,,
-3.27938,-75.55715,D4_R_6_0,59.2,D,4,60,0,0.33,,D4_R_6_0,-43.36,0.02,-341.2,0.37,,,
-3.27938,-75.55715,D4_R_6_3,28.9,D,4,60,0.33,0.67,,D4_R_6_3,-46.80,0.02,-368.2,0.03,,,
-3.27938,-75.55715,D4_R_6_6,37,D,4,60,0.67,1,,D4_R_6_6,-43.58,0.01,-342.9,0.01,,,
-3.27938,-75.55715,D4_R_7_0,37.7,D,4,70,0,0.33,,D4_R_7_0,-42.07,0.01,-331.1,0.06,,,
-3.27938,-75.55715,D4_R_7_3,50.1,D,4,70,0.33,0.67,,D4_R_7_3,-42.03,0.01,-331.8,0.03,,,
-3.27938,-75.55715,D4_R_7_6,30,D,4,70,0.67,1,,D4_R_7_6,-45.38,0.00,-357.2,0.04,,,
-3.27938,-75.55715,D4_R_8_0,66.9,D,4,80,0,0.33,,D4_R_8_0,-42.66,0.01,-334.2,0.04,,,
-3.27938,-75.55715,D4_R_8_3,49.8,D,4,80,0.33,0.67,,D4_R_8_3,-46.58,0.02,-367.2,0.04,,,
-3.27938,-75.55715,D4_R_8_6,32.5,D,4,80,0.67,1,,D4_R_8_6,-44.60,0.00,-351.1,0.05,,,
-3.27938,-75.55715,D4_R_9_0,64.6,D,4,90,0,0.33,,D4_R_9_0,-41.05,0.05,-322.1,0.59,,,
-3.27938,-75.55715,D4_R_9_3,50.1,D,4,90,0.33,0.67,,D4_R_9_3,-43.23,0.02,-340.6,0.06,,,
-3.27938,-75.55715,D4_R_9_6,43.7,D,4,90,0.67,1,,D4_R_9_6,-44.59,0.02,-349.6,0.05,,,
-3.3017,-75.50735,C5_R_6_0,,C,5,60,0,0.33,,C5_R_6_0,-43.67,0.02,-343.2,0.27,,,
-3.3017,-75.50735,C5_R_6_3,,C,5,60,0.3,0.67,,C5_R_6_3,-45.39,0.03,-357.8,0.19,,,
-3.3017,-75.50735,C5_R_6_6,,C,5,60,0.67,1,,C5_R_6_6,-45.91,0.05,-360.6,0.31,,,
-3.3017,-75.50735,C5_R_7_0,,C,5,70,0,0.33,,C5_R_7_0,-43.47,0.06,-340.5,0.12,,,
-3.3017,-75.50735,C5_R_7_3,,C,5,70,0.3,0.67,,C5_R_7_3,-45.44,0.03,-356.4,0.37,,,
-3.3017,-75.50735,C5_R_7_6,,C,5,70,0.67,1,,C5_R_7_6,-41.55,0.00,-325.6,0.11,,,
-3.3017,-75.50735,C5_R_8_0,,C,5,80,0,0.33,,C5_R_8_0,-41.53,0.04,-325.7,0.37,,,
-3.3017,-75.50735,C5_R_8_3,,C,5,80,0.3,0.67,,C5_R_8_3,-45.55,0.05,-358.3,0.43,,,
-3.3017,-75.50735,C5_R_8_6,,C,5,80,0.67,1,,C5_R_8_6,-42.73,0.04,-334.5,0.18,,,
-3.3017,-75.50735,C5_R_9_0,,C,5,90,0,0.33,,C5_R_9_0,-43.93,0.04,-344.9,0.27,,,
-3.3017,-75.50735,C5_R_9_3,,C,5,90,0.3,0.67,,C5_R_9_3,-39.75,0.02,-320.1,0.19,,,
-3.3017,-75.50735,C5_R_9_6,,C,5,90,0.67,1,,C5_R_9_6,-46.92,0.03,-369.8,0.18,,,
-3.2530,-75.52615,CD5_R_0_0,,CD,5,0,0,0.33,,CD5_R_0_0,-43.50,0.01,-340.2,0.10,,,
-3.2530,-75.52615,CD5_R_0_3,,CD,5,0,0.3,0.67,,CD5_R_0_3,-41.55,0.03,-327.2,0.07,,,
-3.2530,-75.52615,CD5_R_0_6,,CD,5,0,0.67,1,,CD5_R_0_6,-45.36,0.05,-355.8,0.36,,,
-3.2530,-75.52615,CD5_R_1_0,,CD,5,10,0,0.33,,CD5_R_1_0,-43.16,0.02,-340.1,0.08,,,
-3.2530,-75.52615,CD5_R_1_3,,CD,5,10,0.3,0.67,,CD5_R_1_3,-45.41,0.02,-356.5,0.21,,,
-3.2530,-75.52615,CD5_R_1_6,,CD,5,10,0.67,1,,CD5_R_1_6,-43.32,0.02,-340.7,0.12,,,
-3.2530,-75.52615,CD5_R_2_0,,CD,5,20,0,0.33,,CD5_R_2_0,-41.91,0.03,-329.2,0.31,,,
-3.2530,-75.52615,CD5_R_2_3,,CD,5,20,0.3,0.67,,CD5_R_2_3,-46.33,0.09,-362.6,0.77,,,
-3.2530,-75.52615,CD5_R_2_6,,CD,5,20,0.67,1,,CD5_R_2_6,-41.34,0.03,-326.4,0.16,,,
-3.2530,-75.52615,CD5_R_3_0,,CD,5,30,0,0.33,,CD5_R_3_0,-44.57,0.04,-351.3,0.32,,,
-3.2530,-75.52615,CD5_R_3_3,,CD,5,30,0.3,0.67,,CD5_R_3_3,-44.08,0.03,-345.1,0.23,,,
-3.2530,-75.52615,CD5_R_3_6,,CD,5,30,0.67,1,,CD5_R_3_6,-43.86,0.02,-345.3,0.14,,,
-3.2530,-75.52615,CD5_R_4_0,,CD,5,40,0,0.33,,CD5_R_4_0,-45.57,0.05,-357.0,0.23,,,
-3.2530,-75.52615,CD5_R_4_3,,CD,5,40,0.3,0.67,,CD5_R_4_3,-43.93,0.02,-345.9,0.08,,,
-3.2530,-75.52615,CD5_R_4_6,,CD,5,40,0.67,1,,CD5_R_4_6,-42.48,0.02,-332.2,0.10,,,
-3.2530,-75.52615,CD5_R_5_0,,CD,5,50,0,0.33,,CD5_R_5_0,-45.37,0.08,-356.5,0.64,,,
-3.2530,-75.52615,CD5_R_5_3,,CD,5,50,0.3,0.67,,CD5_R_5_3,-44.31,0.04,-350.0,0.11,,,
-3.2530,-75.52615,CD5_R_5_6,,CD,5,50,0.67,1,,CD5_R_5_6,-45.30,0.04,-357.8,0.21,,,
-3.2530,-75.52615,CD5_R_6_0,,CD,5,60,0,0.33,,CD5_R_6_0,-44.33,0.03,-348.8,0.06,,,
-3.2530,-75.52615,CD5_R_6_3,,CD,5,60,0.3,0.67,,CD5_R_6_3,-45.81,0.01,-359.9,0.13,,,
-3.2530,-75.52615,CD5_R_6_6,,CD,5,60,0.67,1,,CD5_R_6_6,-46.62,0.06,-365.0,0.35,,,
-3.2530,-75.52615,CD5_R_7_0,,CD,5,70,0,0.33,,CD5_R_7_0,-42.46,0.06,-332.7,0.19,,,
-3.2530,-75.52615,CD5_R_7_3,,CD,5,70,0.3,0.67,,CD5_R_7_3,-45.15,0.05,-354.5,0.30,,,
-3.2530,-75.52615,CD5_R_7_6,,CD,5,70,0.67,1,,CD5_R_7_6,-44.94,0.05,-352.7,0.50,,,
-3.2530,-75.52615,CD5_R_8_0,,CD,5,80,0,0.33,,CD5_R_8_0,-41.93,0.03,-330.0,0.20,,,
-3.2530,-75.52615,CD5_R_8_3,,CD,5,80,0.3,0.67,,CD5_R_8_3,-45.36,0.03,-355.8,0.24,,,
-3.2530,-75.52615,CD5_R_8_6,,CD,5,80,0.67,1,,CD5_R_8_6,-44.76,0.02,-351.6,0.09,,,
-3.2530,-75.52615,CD5_R_9_0,,CD,5,90,0,0.33,,CD5_R_9_0,-42.31,0.03,-333.6,0.20,,,
-3.2530,-75.52615,CD5_R_9_3,,CD,5,90,0.3,0.67,,CD5_R_9_3N,-44.56,0.01,-351.2,0.02,,,
-3.2530,-75.52615,CD5_R_9_6,,CD,5,90,0.67,1,,CD5_R_9_6,-42.90,0.09,-338.1,0.36,,,
-3.1551,-75.56372,DE5_R_0_0,67.6,DE,5,0,0,0.33,,DE5_R_0_0,-43.71,0.02,-342.8,0.07,,,
-3.1551,-75.56372,DE5_R_0_3,58.2,DE,5,0,0.3,0.67,,DE5_R_0_3,-46.56,0.03,-365.9,0.28,,,
-3.1551,-75.56372,DE5_R_0_6,50.7,DE,5,0,0.67,1,,DE5_R_0_6,-45.19,0.01,-357.7,0.20,,,
-3.1551,-75.56372,DE5_R_1_0,,DE,5,10,0,0.33,,DE5_R_1_0,-44.41,0.04,-347.9,0.32,,,
-3.1551,-75.56372,DE5_R_1_3,,DE,5,10,0.3,0.67,,DE5_R_1_3,-45.67,0.03,-357.8,0.10,,,
-3.1551,-75.56372,DE5_R_1_6,,DE,5,10,0.67,1,,DE5_R_1_6,-43.91,0.04,-345.4,0.22,,,
-3.1551,-75.56372,DE5_R_2_0,,DE,5,20,0,0.33,,DE5_R_2_0,-43.87,0.03,-344.5,0.26,,,
-3.1551,-75.56372,DE5_R_2_3,,DE,5,20,0.3,0.67,,DE5_R_2_3,-44.74,0.02,-350.9,0.23,,,
-3.1551,-75.56372,DE5_R_2_6,,DE,5,20,0.67,1,,DE5_R_2_6,-45.69,0.03,-360.1,0.22,,,
-3.1551,-75.56372,DE5_R_3_0,,DE,5,30,0,0.33,,DE5_R_3_0,-43.42,0.05,-342.1,0.42,,,
-3.1551,-75.56372,DE5_R_3_3,,DE,5,30,0.3,0.67,,DE5_R_3_3,-42.49,0.05,-334.1,0.39,,,
-3.1551,-75.56372,DE5_R_3_6,,DE,5,30,0.67,1,,DE5_R_3_6,-48.94,0.05,-384.3,0.42,,,
-3.1551,-75.56372,DE5_R_4_0,,DE,5,40,0,0.33,,DE5_R_4_0,-43.72,0.02,-344.4,0.18,,,
-3.1551,-75.56372,DE5_R_4_3,,DE,5,40,0.3,0.67,,DE5_R_4_3,-44.86,0.05,-354.2,0.43,,,
-3.1551,-75.56372,DE5_R_4_6,,DE,5,40,0.67,1,,DE5_R_4_6,-43.66,0.01,-343.1,0.13,,,
-3.1551,-75.56372,DE5_R_5_0,,DE,5,50,0,0.33,,DE5_R_5_0,-43.88,0.02,-344.9,0.20,,,
-3.1551,-75.56372,DE5_R_5_3,,DE,5,50,0.3,0.67,,DE5_R_5_3,-46.78,0.06,-372.3,0.36,,,
-3.1551,-75.56372,DE5_R_5_6,,DE,5,50,0.67,1,,DE5_R_5_6,-47.79,0.04,-374.1,0.26,,,
-3.1551,-75.56372,DE5_R_6_0,,DE,5,60,0,0.33,,DE5_R_6_0,-45.57,0.04,-357.9,0.22,,,
-3.1551,-75.56372,DE5_R_6_3,,DE,5,60,0.3,0.67,,DE5_R_6_3NN,-44.12,0.02,-347.7,0.12,,,
-3.1551,-75.56372,DE5_R_6_6,,DE,5,60,0.67,1,,DE5_R_6_6N,-47.29,0.07,-371.6,0.35,,,
-3.1551,-75.56372,DE5_R_7_0,,DE,5,70,0,0.33,,DE5_R_7_0NN,-42.79,0.03,-335.4,0.08,,,
-3.1551,-75.56372,DE5_R_7_3,,DE,5,70,0.3,0.67,,DE5_R_7_3NN,-44.25,0.02,-347.6,0.14,,,
-3.1551,-75.56372,DE5_R_7_6,,DE,5,70,0.67,1,,DE5_R_7_6N,-47.70,0.09,-374.4,0.48,,,
-3.1551,-75.56372,DE5_R_8_0,,DE,5,80,0,0.33,,DE5_R_8_0N,-43.80,0.07,-343.8,0.59,,,
-3.1551,-75.56372,DE5_R_8_3,,DE,5,80,0.3,0.67,,DE5_R_8_3N,-45.90,0.06,-360.2,0.41,,,
-3.1551,-75.56372,DE5_R_8_6,,DE,5,80,0.67,1,,DE5_R_8_6N,-47.00,0.05,-368.5,0.50,,,
-3.1551,-75.56372,DE5_R_9_0,,DE,5,90,0,0.33,,DE5_R_9_0NN,-42.34,0.02,-332.3,0.12,,,
-3.1551,-75.56372,DE5_R_9_3,,DE,5,90,0.3,0.67,,DE5_R_9_3N,-41.61,0.08,-325.8,0.59,,,
-3.1551,-75.56372,DE5_R_9_6,,DE,5,90,0.67,1,,DE5_R_9_6N,-45.17,0.09,-356.6,0.55,,,
-3.2267,-75.49515,C6_R_0_0,,C,6,0,0,0.33,,C6_R_0_0,-43.22,0.06,-339.8,0.38,,,
-3.2267,-75.49515,C6_R_0_3,,C,6,0,0.3,0.67,,C6_R_0_3,-46.08,0.05,-366.4,0.89,,,
-3.2267,-75.49515,C6_R_0_6,,C,6,0,0.67,1,,C6_R_0_6NN,-42.71,0.06,-338.6,0.09,,,
-3.2267,-75.49515,C6_R_1_0,,C,6,10,0,0.33,,C6_R_1_0N,-44.15,0.07,-346.7,0.67,,,
-3.2267,-75.49515,C6_R_1_3,,C,6,10,0.3,0.67,,C6_R_1_3,-45.37,0.06,-358.1,0.41,,,
-3.2267,-75.49515,C6_R_1_6,,C,6,10,0.67,1,,C6_R_1_6N,-47.05,0.07,-371.1,0.56,,,
-3.2267,-75.49515,C6_R_2_0,,C,6,20,0,0.33,,C6_R_2_0N,-42.23,0.06,-333.0,0.47,,,
-3.2267,-75.49515,C6_R_2_3,,C,6,20,0.3,0.67,,C6_R_2_3N,-45.31,0.07,-358.7,0.34,,,
-3.2267,-75.49515,C6_R_2_6,,C,6,20,0.67,1,,C6_R_2_6N,-46.21,0.04,-362.2,0.31,,,
-3.2267,-75.49515,C6_R_3_0,,C,6,30,0,0.33,,C6_R_3_0,-42.98,0.08,-337.3,0.49,,,
-3.2267,-75.49515,C6_R_3_3,,C,6,30,0.3,0.67,,C6_R_3_3N,-45.08,0.04,-357.0,0.46,,,
-3.2267,-75.49515,C6_R_3_6,,C,6,30,0.67,1,,C6_R_3_6,-45.85,0.08,-361.6,0.33,,,
-3.2267,-75.49515,C6_R_4_0,,C,6,40,0,0.33,,C6_R_4_0,-43.05,0.07,-338.6,0.38,,,
-3.2267,-75.49515,C6_R_4_3,,C,6,40,0.3,0.67,,C6_R_4_3,-42.74,0.04,-337.8,0.84,,,
-3.2267,-75.49515,C6_R_4_6,,C,6,40,0.67,1,,C6_R_4_6,-46.46,0.03,-366.5,0.80,,,
-3.2267,-75.49515,C6_R_5_0,,C,6,50,0,0.33,,C6_R_5_0,-41.90,0.06,-329.6,0.56,,,
-3.2267,-75.49515,C6_R_5_3,,C,6,50,0.3,0.67,,C6_R_5_3N,-42.75,0.06,-334.6,0.55,,,
-3.2267,-75.49515,C6_R_5_6,,C,6,50,0.67,1,,C6_R_5_6N,-45.68,0.04,-357.0,0.81,,,
-3.2267,-75.49515,C6_R_6_0,,C,6,60,0,0.33,,C6_R_6_0,-42.96,0.09,-340.2,0.14,,,
-3.2267,-75.49515,C6_R_6_3,,C,6,60,0.3,0.67,,C6_R_6_3,-44.26,0.06,-347.9,0.52,,,
-3.2267,-75.49515,C6_R_6_6,,C,6,60,0.67,1,,C6_R_6_6,-43.00,0.04,-339.2,0.70,,,
-3.2267,-75.49515,C6_R_7_0,,C,6,70,0,0.33,,C6_R_7_0,-43.72,0.05,-345.0,0.52,,,
-3.2267,-75.49515,C6_R_7_3,,C,6,70,0.3,0.67,,C6_R_7_3,-44.55,0.07,-349.4,0.40,,,
-3.2267,-75.49515,C6_R_7_6,,C,6,70,0.67,1,,C6_R_7_6N,-46.74,0.05,-366.3,0.33,,,
-3.2267,-75.49515,C6_R_8_0,,C,6,80,0,0.33,,C6_R_8_0,-43.57,0.04,-343.2,0.18,,,
-3.2267,-75.49515,C6_R_8_3,,C,6,80,0.3,0.67,,C6_R_8_3N,-43.21,0.05,-337.1,0.35,,,
-3.2267,-75.49515,C6_R_8_6,,C,6,80,0.67,1,,,,,,,sample missing,,
-3.2267,-75.49515,C6_R_9_0,,C,6,90,0,0.33,,C6_R_9_0,-43.65,0.02,-343.2,0.65,,,
-3.2267,-75.49515,C6_R_9_3,,C,6,90,0.3,0.67,,C6_R_9_3,-45.62,0.06,-356.8,0.51,,,
-3.2267,-75.49515,C6_R_9_6,,C,6,90,0.67,1,,C6_R_9_6,-43.79,0.09,-343.6,0.71,,,
-3.1779,-75.51393,CD6_R_0_0,,CD,6,0,0,0.33,,CD6_R_0_0N,-42.52,0.05,-333.9,0.36,,,
-3.1779,-75.51393,CD6_R_0_3,,CD,6,0,0.3,0.67,,CD6_R_0_3,-46.13,0.07,-362.3,0.56,,,
-3.1779,-75.51393,CD6_R_0_6,,CD,6,0,0.67,1,,CD6_R_0_6N,-44.38,0.06,-349.8,0.48,,,
-3.1779,-75.51393,CD6_R_1_0,,CD,6,10,0,0.33,,CD6_R_1_0,-42.31,0.06,-332.5,0.31,,,
-3.1779,-75.51393,CD6_R_1_3,,CD,6,10,0.3,0.67,,CD6_R_1_3N,-45.76,0.09,-359.1,0.33,,,
-3.1779,-75.51393,CD6_R_1_6,,CD,6,10,0.67,1,,CD6_R_1_6,-43.76,0.07,-343.8,0.60,,,
-3.1779,-75.51393,CD6_R_2_0,,CD,6,20,0,0.33,,CD6_R_2_0,-42.90,0.08,-336.7,0.64,,,
-3.1779,-75.51393,CD6_R_2_3,,CD,6,20,0.3,0.67,,CD6_R_2_3NN,-43.98,0.03,-344.2,0.83,,,
-3.1779,-75.51393,CD6_R_2_6,,CD,6,20,0.67,1,,CD6_R_2_6N,-43.16,0.01,-338.2,0.38,,,
-3.1779,-75.51393,CD6_R_3_0,,CD,6,30,0,0.33,,CD6_R_3_0,-43.51,0.08,-342.0,0.48,,,
-3.1779,-75.51393,CD6_R_3_3,,CD,6,30,0.3,0.67,,CD6_R_3_3,-46.98,0.04,-368.0,0.47,,,
-3.1779,-75.51393,CD6_R_3_6,,CD,6,30,0.67,1,,CD6_R_3_6NN,-42.50,0.02,-332.9,0.13,,,
-3.1779,-75.51393,CD6_R_4_0,,CD,6,40,0,0.33,,CD6_R_4_0,-43.82,0.05,-343.2,0.50,,,
-3.1779,-75.51393,CD6_R_4_3,,CD,6,40,0.3,0.67,,CD6_R_4_3N,-45.10,0.05,-354.5,0.41,,,
-3.1779,-75.51393,CD6_R_4_6,,CD,6,40,0.67,1,,CD6_R_4_6,-44.16,0.04,-345.0,0.49,,,
-3.1779,-75.51393,CD6_R_5_0,,CD,6,50,0,0.33,,CD6_R_5_0,-43.13,0.03,-339.2,0.54,,,
-3.1779,-75.51393,CD6_R_5_3,,CD,6,50,0.3,0.67,,CD6_R_5_3,-46.74,0.05,-371.0,0.19,,,
-3.1779,-75.51393,CD6_R_5_6,,CD,6,50,0.67,1,,CD6_R_5_6,-44.48,0.05,-347.0,0.21,,,
-3.1779,-75.51393,CD6_R_6_0,,CD,6,60,0,0.33,,CD6_R_6_0,-42.71,0.06,-336.6,0.27,,,
-3.1779,-75.51393,CD6_R_6_3,,CD,6,60,0.3,0.67,,CD6_R_6_3,-42.69,0.08,-334.9,0.22,,,
-3.1779,-75.51393,CD6_R_6_6,,CD,6,60,0.67,1,,CD6_R_6_6N,-43.00,0.04,-337.6,0.46,,,
-3.1779,-75.51393,CD6_R_7_0,,CD,6,70,0,0.33,,CD6_R_7_0,-44.49,0.06,-349.7,0.45,,,
-3.1779,-75.51393,CD6_R_7_3,,CD,6,70,0.3,0.67,,CD6_R_7_3,-46.59,0.06,-365.2,0.49,,,
-3.1779,-75.51393,CD6_R_7_6,,CD,6,70,0.67,1,,CD6_R_7_6,-44.07,0.06,-346.8,0.44,,,
-3.1779,-75.51393,CD6_R_8_0,,CD,6,80,0,0.33,,CD6_R_8_0N,-43.80,0.07,-341.5,0.56,,,
-3.1779,-75.51393,CD6_R_8_3,,CD,6,80,0.3,0.67,,CD6_R_8_3,-46.57,0.08,-366.5,0.46,,,
-3.1779,-75.51393,CD6_R_8_6,,CD,6,80,0.67,1,,CD6_R_8_6,-45.05,0.07,-352.5,0.41,,,
-3.1779,-75.51393,CD6_R_9_0,,CD,6,90,0,0.33,,CD6_R_9_0N,-43.21,0.06,-339.7,0.60,,,
-3.1779,-75.51393,CD6_R_9_3,,CD,6,90,0.3,0.67,,CD6_R_9_3,-45.03,0.06,-351.4,0.36,,,
-3.1779,-75.51393,CD6_R_9_6,,CD,6,90,0.67,1,,CD6_R_9_6,-44.31,0.02,-347.5,0.80,,,
-3.0799,-75.55147,DE6_R_0_0,,DE,6,0,0,0.33,,DE6_R_0_0,-44.32,0.02,-346.8,0.45,,,
-3.0799,-75.55147,DE6_R_0_3,,DE,6,0,0.3,0.67,,DE6_R_0_3N,-44.27,0.06,-348.4,0.28,,,
-3.0799,-75.55147,DE6_R_0_6,,DE,6,0,0.67,1,,DE6_R_0_6,-43.97,0.06,-345.3,0.12,,,
-3.0799,-75.55147,DE6_R_1_0,,DE,6,10,0,0.33,,DE6_R_1_0,-42.55,0.08,-332.1,0.54,,,
-3.0799,-75.55147,DE6_R_1_3,,DE,6,10,0.3,0.67,,DE6_R_1_3,-44.42,0.05,-349.1,0.48,,,
-3.0799,-75.55147,DE6_R_1_6,,DE,6,10,0.67,1,,DE6_R_1_6,-43.99,0.07,-344.5,0.48,,,
-3.0799,-75.55147,DE6_R_2_0,,DE,6,20,0,0.33,,DE6_R_2_0,-44.02,0.03,-345.4,0.59,,,
-3.0799,-75.55147,DE6_R_2_3,,DE,6,20,0.3,0.67,,DE6_R_2_3,-44.45,0.06,-347.2,0.36,,,
-3.0799,-75.55147,DE6_R_2_6,,DE,6,20,0.67,1,,DE6_R_2_6,-41.24,0.06,-323.5,0.51,,,
-3.0799,-75.55147,DE6_R_3_0,,DE,6,30,0,0.33,,DE6_R_3_0,-44.16,0.07,-346.9,0.40,,,
-3.0799,-75.55147,DE6_R_3_3,,DE,6,30,0.3,0.67,,DE6_R_3_3N,-45.95,0.05,-361.6,0.26,,,
-3.0799,-75.55147,DE6_R_3_6,,DE,6,30,0.67,1,,DE6_R_3_6,-47.06,0.04,-368.2,0.64,,,
-3.0799,-75.55147,DE6_R_4_0,,DE,6,40,0,0.33,,DE6_R_4_0,-44.58,0.04,-351.6,0.39,,,
-3.0799,-75.55147,DE6_R_4_3,,DE,6,40,0.3,0.67,,DE6_R_4_3,-43.55,0.06,-342.3,0.49,,,
-3.0799,-75.55147,DE6_R_4_6,,DE,6,40,0.67,1,,DE6_R_4_6,-42.80,0.04,-340.0,0.29,,,
-3.0799,-75.55147,DE6_R_5_0,,DE,6,50,0,0.33,,DE6_R_5_0,-42.43,0.06,-333.2,0.57,,,
-3.0799,-75.55147,DE6_R_5_3,,DE,6,50,0.3,0.67,,DE6_R_5_3N,-45.68,0.06,-359.2,0.88,,,
-3.0799,-75.55147,DE6_R_5_6,,DE,6,50,0.67,1,,DE6_R_5_6N,-44.58,0.05,-348.0,0.53,,,
-3.0799,-75.55147,DE6_R_6_0,,DE,6,60,0,0.33,,DE6_R_6_0,-43.01,0.07,-340.2,0.17,,,
-3.0799,-75.55147,DE6_R_6_3,,DE,6,60,0.3,0.67,,DE6_R_6_3,-44.46,0.06,-349.2,0.40,,,
-3.0799,-75.55147,DE6_R_6_6,,DE,6,60,0.67,1,,DE6_R_6_6N,-42.54,0.03,-335.7,0.63,,,
-3.0799,-75.55147,DE6_R_7_0,,DE,6,70,0,0.33,,DE6_R_7_0,-43.60,0.07,-345.0,0.76,,,
-3.0799,-75.55147,DE6_R_7_3,,DE,6,70,0.3,0.67,,DE6_R_7_3N,-44.51,0.08,-347.9,0.30,,,
-3.0799,-75.55147,DE6_R_7_6,,DE,6,70,0.67,1,,DE6_R_7_6N,-43.85,0.05,-341.9,0.57,,,
-3.0799,-75.55147,DE6_R_8_0,,DE,6,80,0,0.33,,DE6_R_8_0N,-44.15,0.07,-344.0,0.40,,,
-3.0799,-75.55147,DE6_R_8_3,,DE,6,80,0.3,0.67,,DE6_R_8_3N,-46.86,0.09,-366.2,0.42,,,
-3.0799,-75.55147,DE6_R_8_6,,DE,6,80,0.67,1,,DE6_R_8_6,-43.65,0.07,-340.0,0.49,,,
-3.0799,-75.55147,DE6_R_9_0,,DE,6,90,0,0.33,,DE6_R_9_0,-43.26,0.06,-337.5,0.42,,,
-3.0799,-75.55147,DE6_R_9_3,,DE,6,90,0.3,0.67,,DE6_R_9_3,-46.82,0.05,-366.6,0.39,,,
-3.0799,-75.55147,DE6_R_9_6,,DE,6,90,0.67,1,,DE6_R_9_6N,-44.81,0.04,-354.7,0.42,,,
-3.1029,-75.50169,CD7_R_0_0,,CD,7,0,0,0.33,,CD7_R_0_0,-43.44,0.05,-340.0,0.36,,,
-3.1029,-75.50169,CD7_R_0_3,,CD,7,0,0.3,0.67,,CD7_R_0_3,-44.82,0.03,-350.5,0.37,,,
-3.1029,-75.50169,CD7_R_0_6,,CD,7,0,0.67,1,,CD7_R_0_6N,-44.64,0.09,-352.1,0.48,,,
-3.1029,-75.50169,CD7_R_1_0,,CD,7,10,0,0.33,,CD7_R_1_0,-44.16,0.06,-344.7,0.51,,,
-3.1029,-75.50169,CD7_R_1_3,,CD,7,10,0.3,0.67,,CD7_R_1_3,-44.80,0.04,-350.4,0.31,,,
-3.1029,-75.50169,CD7_R_1_6,,CD,7,10,0.67,1,,CD7_R_1_6,-46.22,0.03,-361.3,0.43,,,
-3.1029,-75.50169,CD7_R_2_0,,CD,7,20,0,0.33,,CD7_R_2_0,-43.42,0.04,-339.7,0.33,,,
-3.1029,-75.50169,CD7_R_2_3,,CD,7,20,0.3,0.67,,CD7_R_2_3,-43.89,0.04,-343.3,0.16,,,
-3.1029,-75.50169,CD7_R_2_6,,CD,7,20,0.67,1,,CD7_R_2_6,-43.66,0.04,-341.9,0.50,,,
-3.1029,-75.50169,CD7_R_3_0,,CD,7,30,0,0.33,,CD7_R_3_0,-43.14,0.03,-337.1,0.86,,,
-3.1029,-75.50169,CD7_R_3_3,,CD,7,30,0.3,0.67,,CD7_R_3_3,-46.24,0.08,-361.1,0.55,,,
-3.1029,-75.50169,CD7_R_3_6,,CD,7,30,0.67,1,,CD7_R_3_6,-42.44,0.00,-333.3,0.34,,,
-3.1029,-75.50169,CD7_R_4_0,,CD,7,40,0,0.33,,CD7_R_4_0,-43.25,0.06,-341.2,0.39,,,
-3.1029,-75.50169,CD7_R_4_3,,CD,7,40,0.3,0.67,,CD7_R_4_3N,-44.18,0.09,-346.3,0.40,,,
-3.1029,-75.50169,CD7_R_4_6,,CD,7,40,0.67,1,,CD7_R_4_6,-41.05,0.07,-319.8,0.23,,,
-3.1029,-75.50169,CD7_R_5_0,,CD,7,50,0,0.33,,CD7_R_5_0,-41.85,0.02,-329.0,0.72,,,
-3.1029,-75.50169,CD7_R_5_3,,CD,7,50,0.3,0.67,,CD7_R_5_3,-44.42,0.07,-348.5,0.78,,,
-3.1029,-75.50169,CD7_R_5_6,,CD,7,50,0.67,1,,CD7_R_5_6,-40.97,0.05,-320.8,0.25,,,
-3.1029,-75.50169,CD7_R_6_0,,CD,7,60,0,0.33,,CD7_R_6_0,-43.49,0.07,-341.8,0.68,,,
-3.1029,-75.50169,CD7_R_6_3,,CD,7,60,0.3,0.67,,CD7_R_6_3,-44.44,0.08,-350.7,0.33,,,
-3.1029,-75.50169,CD7_R_6_6,,CD,7,60,0.67,1,,CD7_R_6_6,-44.40,0.02,-353.4,0.58,,,
-3.1029,-75.50169,CD7_R_7_0,,CD,7,70,0,0.33,,CD7_R_7_0,-44.52,0.06,-350.4,0.54,,,
-3.1029,-75.50169,CD7_R_7_3,,CD,7,70,0.3,0.67,,CD7_R_7_3,-44.33,0.08,-348.1,0.58,,,
-3.1029,-75.50169,CD7_R_7_6,,CD,7,70,0.67,1,,CD7_R_7_6N,-42.56,0.03,-334.7,0.64,,,
-3.1029,-75.50169,CD7_R_8_0,,CD,7,80,0,0.33,,CD7_R_8_0,-42.64,0.03,-334.3,0.12,,,
-3.1029,-75.50169,CD7_R_8_3,,CD,7,80,0.3,0.67,,CD7_R_8_3,-44.47,0.05,-350.3,0.51,,,
-3.1029,-75.50169,CD7_R_8_6,,CD,7,80,0.67,1,,CD7_R_8_6,-45.58,0.06,-358.4,0.37,,,
-3.1029,-75.50169,CD7_R_9_0,,CD,7,90,0,0.33,,CD7_R_9_0,-43.14,0.06,-339.7,0.48,,,
-3.1029,-75.50169,CD7_R_9_3,,CD,7,90,0.3,0.67,,CD7_R_9_3,-44.31,0.07,-347.8,0.23,,,
-3.1029,-75.50169,CD7_R_9_6,,CD,7,90,0.67,1,,CD7_R_9_6,-44.05,0.07,-345.8,0.19,,,
-3.05392,-75.52045,D7_R_6_0,,D,7,60,0,0.33,,D7_R_6_0,-42.49,0.05,-334.3,0.46,,,
-3.05392,-75.52045,D7_R_6_3,,D,7,60,0.3,0.67,,D7_R_6_3,-43.99,0.04,-346.6,0.18,,,
-3.05392,-75.52045,D7_R_6_6,,D,7,60,0.67,1,,D7_R_6_6,-44.30,0.04,-345.3,0.32,,,
-3.05392,-75.52045,D7_R_7_0,,D,7,70,0,0.33,,D7_R_7_0,-45.94,0.03,-360.3,0.12,,,
-3.05392,-75.52045,D7_R_7_3,,D,7,70,0.3,0.67,,D7_R_7_3,-45.78,0.04,-358.1,0.30,,,
-3.05392,-75.52045,D7_R_7_6,,D,7,70,0.67,1,,D7_R_7_6,-43.83,0.01,-344.5,0.05,,,
-3.05392,-75.52045,D7_R_8_0,,D,7,80,0,0.33,,D7_R_8_0,-43.32,0.04,-339.1,0.27,,,
-3.05392,-75.52045,D7_R_8_3,,D,7,80,0.3,0.67,,D7_R_8_3,-46.98,0.02,-369.7,0.12,,,
-3.05392,-75.52045,D7_R_8_6,,D,7,80,0.67,1,,D7_R_8_6,-42.46,0.04,-333.0,0.30,,,
-3.05392,-75.52045,D7_R_9_0,,D,7,90,0,0.33,,D7_R_9_0,-41.08,0.04,-323.8,0.36,,,
-3.05392,-75.52045,D7_R_9_3,,D,7,90,0.3,0.67,,D7_R_9_3,-46.86,0.04,-365.7,0.31,,,
-3.05392,-75.52045,D7_R_9_6,,D,7,90,0.67,1,,D7_R_9_6,-45.96,0.03,-362.2,0.10,,,
-3.0048,-75.53919,DE7_R_0_0,,DE,7,0,0,0.33,,DE7_R_0_0,-42.75,0.03,-333.8,0.35,,,
-3.0048,-75.53919,DE7_R_0_3,,DE,7,0,0.3,0.67,,DE7_R_0_3,-44.89,0.04,-350.8,0.73,,,
-3.0048,-75.53919,DE7_R_0_6,,DE,7,0,0.67,1,,DE7_R_0_6N,-43.79,0.06,-348.0,0.56,,,
-3.0048,-75.53919,DE7_R_1_0,,DE,7,10,0,0.33,,DE7_R_1_0,-43.65,0.07,-341.5,0.35,,,
-3.0048,-75.53919,DE7_R_1_3,,DE,7,10,0.3,0.67,,DE7_R_1_3,-45.68,0.09,-357.2,0.59,,,
-3.0048,-75.53919,DE7_R_1_6,,DE,7,10,0.67,1,,DE7_R_1_6N,-42.06,0.04,-329.6,0.28,,,
-3.0048,-75.53919,DE7_R_2_0,,DE,7,20,0,0.33,,DE7_R_2_0,-43.13,0.08,-339.7,0.21,,,
-3.0048,-75.53919,DE7_R_2_3,,DE,7,20,0.3,0.67,,DE7_R_2_3,-45.03,0.04,-352.4,0.38,,,
-3.0048,-75.53919,DE7_R_2_6,,DE,7,20,0.67,1,,DE7_R_2_6,-43.40,0.04,-341.7,0.25,,,
-3.0048,-75.53919,DE7_R_3_0,,DE,7,30,0,0.33,,DE7_R_3_0,-45.41,0.04,-358.0,0.32,,,
-3.0048,-75.53919,DE7_R_3_3,,DE,7,30,0.3,0.67,,DE7_R_3_3NN,-44.69,0.05,-351.8,0.39,,,
-3.0048,-75.53919,DE7_R_3_6,,DE,7,30,0.67,1,,DE7_R_3_6NN,-45.86,0.04,-359.6,0.91,,,
-3.0048,-75.53919,DE7_R_4_0,,DE,7,40,0,0.33,,DE7_R_4_0,-44.04,0.06,-349.1,0.47,,,
-3.0048,-75.53919,DE7_R_4_3,,DE,7,40,0.3,0.67,,DE7_R_4_3,-44.47,0.04,-350.7,0.58,,,
-3.0048,-75.53919,DE7_R_4_6,,DE,7,40,0.67,1,,DE7_R_4_6,-45.05,0.07,-353.4,0.46,,,
-3.0048,-75.53919,DE7_R_5_0,,DE,7,50,0,0.33,,DE7_R_5_0NN,-42.80,0.05,-337.8,0.31,,,
-3.0048,-75.53919,DE7_R_5_3,,DE,7,50,0.3,0.67,,DE7_R_5_3,-44.43,0.03,-352.6,0.30,,,
-3.0048,-75.53919,DE7_R_5_6,,DE,7,50,0.67,1,,DE7_R_5_6,-40.99,0.08,-324.9,0.15,,,
-3.0048,-75.53919,DE7_R_6_0,,DE,7,60,0,0.33,,DE7_R_6_0,-42.47,0.03,-333.0,0.35,,,
-3.0048,-75.53919,DE7_R_6_3,,DE,7,60,0.3,0.67,,DE7_R_6_3,-44.95,0.09,-356.8,0.33,,,
-3.0048,-75.53919,DE7_R_6_6,,DE,7,60,0.67,1,,DE7_R_6_6,-43.80,0.09,-345.3,0.67,,,
-3.0048,-75.53919,DE7_R_7_0,,DE,7,70,0,0.33,,DE7_R_7_0,-43.20,0.02,-342.4,0.17,,,
-3.0048,-75.53919,DE7_R_7_3,,DE,7,70,0.3,0.67,,DE7_R_7_3,-43.16,0.09,-339.1,0.45,,,
-3.0048,-75.53919,DE7_R_7_6,,DE,7,70,0.67,1,,DE7_R_7_6,-42.20,0.08,-336.5,0.45,,,
-3.0048,-75.53919,DE7_R_8_0,,DE,7,80,0,0.33,,DE7_R_8_0,-45.37,0.08,-359.3,0.58,,,
-3.0048,-75.53919,DE7_R_8_3,,DE,7,80,0.3,0.67,,DE7_R_8_3,-46.05,0.03,-363.9,0.69,,,
-3.0048,-75.53919,DE7_R_8_6,,DE,7,80,0.67,1,,DE7_R_8_6,-44.07,0.02,-349.1,0.14,,,
-3.0048,-75.53919,DE7_R_9_0,,DE,7,90,0,0.33,,DE7_R_9_0,-41.63,0.05,-328.2,0.27,,,
-3.0048,-75.53919,DE7_R_9_3,,DE,7,90,0.3,0.67,,DE7_R_9_3,-44.37,0.05,-349.3,0.25,,,
-3.0048,-75.53919,DE7_R_9_6,,DE,7,90,0.67,1,,DE7_R_9_6,-41.83,0.03,-326.9,0.30,,,
-2.82962,-75.48352,D10_R_0_0,87.5,D,10,0,0,0.33,,D10_R_0_0,-42.33,0.07,-332.6,0.24,,,
-2.82962,-75.48352,D10_R_0_3,66,D,10,0,0.33,0.67,,D10_R_0_3,-45.14,0.03,-355.6,0.42,,,
-2.82962,-75.48352,D10_R_0_6,22.7,D,10,0,0.67,1,,D10_R_0_6,-43.23,0.07,-344.3,0.27,,,
-2.82962,-75.48352,D10_R_1_0,79.8,D,10,10,0,0.33,,D10_R_1_0,-44.26,0.07,-343.9,0.23,,,
-2.82962,-75.48352,D10_R_1_3,61.1,D,10,10,0.33,0.67,,D10_R_1_3,-44.80,0.09,-351.0,0.38,,,
-2.82962,-75.48352,D10_R_1_6,28.3,D,10,10,0.67,1,,D10_R_1_6,-44.13,0.04,-346.8,0.11,,,
-2.82962,-75.48352,D10_R_2_0,75.9,D,10,20,0,0.33,,D10_R_2_0,-42.89,0.03,-335.7,0.54,,,
-2.82962,-75.48352,D10_R_2_3,59.6,D,10,20,0.33,0.67,,D10_R_2_3,-45.13,0.07,-355.1,0.29,,,
-2.82962,-75.48352,D10_R_2_6,41.6,D,10,20,0.67,1,,D10_R_2_6,-42.55,0.04,-332.8,0.54,,,
-2.82962,-75.48352,D10_R_3_0,59.9,D,10,30,0,0.33,,D10_R_3_0,-44.70,0.03,-350.4,0.38,,,
-2.82962,-75.48352,D10_R_3_3,56,D,10,30,0.33,0.67,,D10_R_3_3,-45.63,0.05,-358.9,0.35,,,
-2.82962,-75.48352,D10_R_3_6,36.1,D,10,30,0.67,1,,D10_R_3_6,-43.74,0.07,-342.4,0.41,,,
-2.82962,-75.48352,D10_R_4_0,73.4,D,10,40,0,0.33,,D10_R_4_0,-41.77,0.06,-329.1,0.38,,,
-2.82962,-75.48352,D10_R_4_3,53.6,D,10,40,0.33,0.67,,D10_R_4_3,-45.60,0.05,-357.2,0.32,,,
-2.82962,-75.48352,D10_R_4_6,39.7,D,10,40,0.67,1,,D10_R_4_6,-46.25,0.03,-362.4,0.57,,,
-2.82962,-75.48352,D10_R_5_0,81.3,D,10,50,0,0.33,,D10_R_5_0,-43.77,0.09,-343.4,0.12,,,
-2.82962,-75.48352,D10_R_5_3,63.5,D,10,50,0.33,0.67,,D10_R_5_3,-44.62,0.06,-348.8,0.35,,,
-2.82962,-75.48352,D10_R_5_6,20.2,D,10,50,0.67,1,,D10_R_5_6,-46.55,0.09,-369.4,0.59,,,
-2.82962,-75.48352,D10_R_6_0,77.5,D,10,60,0,0.33,,D10_R_6_0,-43.66,0.02,-342.8,0.34,,,
-2.82962,-75.48352,D10_R_6_3,60.3,D,10,60,0.33,0.67,,D10_R_6_3,-44.03,0.05,-346.0,0.40,,,
-2.82962,-75.48352,D10_R_6_6,49.9,D,10,60,0.67,1,,D10_R_6_6,-45.48,0.03,-357.0,0.29,,,
-2.82962,-75.48352,D10_R_7_0,102.4,D,10,70,0,0.33,,D10_R_7_0,-44.20,0.07,-344.0,0.53,,,
-2.82962,-75.48352,D10_R_7_3,68.8,D,10,70,0.33,0.67,,D10_R_7_3,-42.28,0.03,-338.0,0.40,,,
-2.82962,-75.48352,D10_R_7_6,21.8,D,10,70,0.67,1,,D10_R_7_6,-44.80,0.02,-351.2,0.56,,,
-2.82962,-75.48352,D10_R_8_0,78.1,D,10,80,0,0.33,,D10_R_8_0,-42.72,0.04,-333.9,0.44,,,
-2.82962,-75.48352,D10_R_8_3,57.6,D,10,80,0.33,0.67,,D10_R_8_3,-44.99,0.06,-352.9,0.93,,,
-2.82962,-75.48352,D10_R_8_6,39.6,D,10,80,0.67,1,,D10_R_8_6,-43.88,0.04,-343.0,0.47,,,
-2.82962,-75.48352,D10_R_9_0,76,D,10,90,0,0.33,,D10_R_9_0,-42.84,0.09,-334.1,0.51,,,
-2.82962,-75.48352,D10_R_9_3,60.7,D,10,90,0.33,0.67,,D10_R_9_3,-47.05,0.04,-369.7,0.51,,,
-2.82962,-75.48352,D10_R_9_6,43.4,D,10,90,0.67,1,,D10_R_9_6,-42.32,0.03,-330.4,0.58,,,
-2.5323,-75.43395,D14_R_0_0,74.3,D,14,0,0,0.33,,D14_R_0_0,-45.68,0.07,-358.8,0.28,,,
-2.5323,-75.43395,D14_R_0_3,56.2,D,14,0,0.33,0.67,,D14_R_0_3,-44.10,0.05,-346.2,0.29,,,
-2.5323,-75.43395,D14_R_0_6,43.7,D,14,0,0.67,1,,D14_R_0_6,-45.09,0.04,-351.9,0.42,,,
-2.5323,-75.43395,D14_R_1_0,74.4,D,14,10,0,0.33,,D14_R_1_0,-44.03,0.09,-343.6,0.56,,,
-2.5323,-75.43395,D14_R_1_3,53.2,D,14,10,0.33,0.67,,D14_R_1_3,-44.92,0.02,-353.3,0.12,,,
-2.5323,-75.43395,D14_R_1_6,,D,14,10,0.67,1,,,,,,,sample missing,,
-2.5323,-75.43395,D14_R_2_0,65.3,D,14,20,0,0.33,,D14_R_2_0,-43.83,0.05,-344.6,0.18,,,
-2.5323,-75.43395,D14_R_2_3,57.4,D,14,20,0.33,0.67,,D14_R_2_3,-46.88,0.07,-365.1,0.35,,,
-2.5323,-75.43395,D14_R_2_6,44,D,14,20,0.67,1,,D14_R_2_6,-46.71,0.02,-364.8,0.25,,,
-2.5323,-75.43395,D14_R_3_0,76.6,D,14,30,0,0.33,,D14_R_3_0,-43.97,0.01,-343.5,0.64,,,
-2.5323,-75.43395,D14_R_3_3,58.6,D,14,30,0.33,0.67,,D14_R_3_3,-44.84,0.03,-349.3,0.15,,,
-2.5323,-75.43395,D14_R_3_6,36,D,14,30,0.67,1,,D14_R_3_6,-46.75,0.09,-368.4,0.37,,,
-2.5323,-75.43395,D14_R_4_0,76.3,D,14,40,0,0.33,,D14_R_4_0,-42.85,0.08,-336.4,0.18,,,
-2.5323,-75.43395,D14_R_4_3,34.2,D,14,40,0.33,0.67,,D14_R_4_3,-44.79,0.08,-355.9,0.37,,,
-2.5323,-75.43395,D14_R_4_6,21.3,D,14,40,0.67,1,,D14_R_4_6,-48.40,0.07,-378.2,0.41,,,
-2.5323,-75.43395,D14_R_5_0,67.4,D,14,50,0,0.33,,D14_R_5_0,-41.37,0.06,-324.8,0.51,,,
-2.5323,-75.43395,D14_R_5_3,53.3,D,14,50,0.33,0.67,,D14_R_5_3,-42.23,0.03,-331.8,0.45,,,
-2.5323,-75.43395,D14_R_5_6,37.5,D,14,50,0.67,1,,D14_R_5_6,-46.30,0.04,-363.0,0.47,,,
-2.5323,-75.43395,D14_R_6_0,75.6,D,14,60,0,0.33,,D14_R_6_0,-40.82,0.06,-322.4,0.64,,,
-2.5323,-75.43395,D14_R_6_3,63.7,D,14,60,0.33,0.67,,D14_R_6_3,-43.77,0.05,-344.2,0.28,,,
-2.5323,-75.43395,D14_R_6_6,50.7,D,14,60,0.67,1,,D14_R_6_6,-45.76,0.07,-359.0,0.53,,,
-2.5323,-75.43395,D14_R_7_0,102.2,D,14,70,0,0.33,,D14_R_7_0,-42.43,0.03,-332.4,0.55,,,
-2.5323,-75.43395,D14_R_7_3,56.8,D,14,70,0.33,0.67,,D14_R_7_3,-45.79,0.06,-362.1,0.32,,,
-2.5323,-75.43395,D14_R_7_6,,D,14,70,0.67,1,,D14_R_7_6,-44.44,0.05,-350.3,0.52,,,
-2.5323,-75.43395,D14_R_8_0,81.6,D,14,80,0,0.33,,D14_R_8_0,-46.28,0.06,-362.8,0.66,,,
-2.5323,-75.43395,D14_R_8_3,66.2,D,14,80,0.33,0.67,,D14_R_8_3,-46.59,0.03,-365.5,0.32,,,
-2.5323,-75.43395,D14_R_8_6,35.9,D,14,80,0.67,1,,D14_R_8_6,-45.32,0.03,-353.9,0.15,,,
-2.5323,-75.43395,D14_R_9_0,73.4,D,14,90,0,0.33,,D14_R_9_0,-42.47,0.04,-332.0,0.36,,,
-2.5323,-75.43395,D14_R_9_3,59.5,D,14,90,0.33,0.67,,D14_R_9_3,-45.72,0.06,-358.2,0.44,,,
-2.5323,-75.43395,D14_R_9_6,46.1,D,14,90,0.67,1,,D14_R_9_6,-46.10,0.05,-359.6,0.59,,,
-2.23711,-75.38401,D18_R_0_0,83,D,18,0,0,0.33,,D18_R_0_0,-44.18,0.01,-346.1,0.03,,,
-2.23711,-75.38401,D18_R_0_3,66.3,D,18,0,0.33,0.67,,D18_R_0_3,-45.80,0.01,-356.8,0.03,,,
-2.23711,-75.38401,D18_R_0_6,35.4,D,18,0,0.67,1,,D18_R_0_6,-45.55,0.00,-357.1,0.02,,,
-2.23711,-75.38401,D18_R_1_0,54,D,18,10,0,0.33,,D18_R_1_0,-45.71,0.00,-358.8,0.03,,,
-2.23711,-75.38401,D18_R_1_3,56.9,D,18,10,0.33,0.67,,D18_R_1_3,-47.48,0.01,-370.1,0.03,,,
-2.23711,-75.38401,D18_R_1_6,43,D,18,10,0.67,1,,D18_R_1_6,-46.03,0.02,-359.9,0.21,,,
-2.23711,-75.38401,D18_R_2_0,84.4,D,18,20,0,0.33,,D18_R_2_0,-44.11,0.01,-345.6,0.02,,,
-2.23711,-75.38401,D18_R_2_3,74.3,D,18,20,0.33,0.67,,D18_R_2_3,-42.41,0.01,-334.9,0.06,,,
-2.23711,-75.38401,D18_R_2_6,32.7,D,18,20,0.67,1,,D18_R_2_6,-49.08,0.01,-381.3,0.02,,,
-2.23711,-75.38401,D18_R_3_0,78,D,18,30,0,0.33,,D18_R_3_0,-40.76,0.01,-318.7,0.06,,,
-2.23711,-75.38401,D18_R_3_3,57.8,D,18,30,0.33,0.67,,D18_R_3_3,-48.64,0.01,-380.7,0.09,,,
-2.23711,-75.38401,D18_R_3_6,45,D,18,30,0.67,1,,D18_R_3_6,-43.53,0.00,-341.9,0.07,,,
-2.23711,-75.38401,D18_R_4_0,85.3,D,18,40,0,0.33,,D18_R_4_0,-43.74,0.00,-343.4,0.04,,,
-2.23711,-75.38401,D18_R_4_3,75.1,D,18,40,0.33,0.67,,D18_R_4_3,-43.49,0.01,-341.5,0.06,,,
-2.23711,-75.38401,D18_R_4_6,24.3,D,18,40,0.67,1,,D18_R_4_6,-44.10,0.01,-347.5,0.03,,,
-2.23711,-75.38401,D18_R_5_0,80.9,D,18,50,0,0.33,,D18_R_5_0,-42.86,0.01,-337.1,0.05,,,
-2.23711,-75.38401,D18_R_5_3,52.1,D,18,50,0.33,0.67,,D18_R_5_3,-45.70,0.01,-357.9,0.05,,,
-2.23711,-75.38401,D18_R_5_6,36,D,18,50,0.67,1,,D18_R_5_6,-42.78,0.03,-334.8,0.43,,,
-2.23711,-75.38401,D18_R_6_0,76.7,D,18,60,0,0.33,,D18_R_6_0,-42.52,0.01,-333.8,0.03,,,
-2.23711,-75.38401,D18_R_6_3,63.7,D,18,60,0.33,0.67,,D18_R_6_3,-43.58,0.01,-340.0,0.01,,,
-2.23711,-75.38401,D18_R_6_6,43.9,D,18,60,0.67,1,,D18_R_6_6,-43.85,0.00,-342.2,0.02,,,
-2.23711,-75.38401,D18_R_7_0,83,D,18,70,0,0.33,,D18_R_7_0,-44.07,0.01,-346.3,0.04,,,
-2.23711,-75.38401,D18_R_7_3,55.2,D,18,70,0.33,0.67,,D18_R_7_3,-43.67,0.00,-338.5,0.02,,,
-2.23711,-75.38401,D18_R_7_6,34.1,D,18,70,0.67,1,,D18_R_7_6,-43.30,0.00,-338.9,0.03,,,
-2.23711,-75.38401,D18_R_8_0,76.9,D,18,80,0,0.33,,D18_R_8_0,-42.94,0.00,-337.0,0.03,,,
-2.23711,-75.38401,D18_R_8_3,62,D,18,80,0.33,0.67,,D18_R_8_3,-44.98,0.02,-351.1,0.27,,,
-2.23711,-75.38401,D18_R_8_6,50.3,D,18,80,0.67,1,,D18_R_8_6,-46.08,0.01,-361.8,0.01,,,
-2.23711,-75.38401,D18_R_9_0,89.1,D,18,90,0,0.33,,D18_R_9_0,-44.14,0.00,-345.8,0.03,,,
-2.23711,-75.38401,D18_R_9_3,67.7,D,18,90,0.33,0.67,,D18_R_9_3,-40.80,0.01,-323.4,0.12,,,
-2.23711,-75.38401,D18_R_9_6,24.2,D,18,90,0.67,1,,D18_R_9_6,-45.41,0.02,-357.7,0.11,,,
-1.94392,-75.33368,D22_R_0_0,82.3,D,22,0,0,0.33,,D22_R_0_0,-44.19,0.01,-348.0,0.05,,,
-1.94392,-75.33368,D22_R_0_3,72.1,D,22,0,0.33,0.67,,D22_R_0_3,-45.96,0.01,-362.6,0.04,,,
-1.94392,-75.33368,D22_R_0_6,45.6,D,22,0,0.67,1,,D22_R_0_6,-42.51,0.01,-334.5,0.06,,,
-1.94392,-75.33368,D22_R_1_0,76.9,D,22,10,0,0.33,,D22_R_1_0,-45.35,0.01,-359.9,0.06,,,
-1.94392,-75.33368,D22_R_1_3,67.5,D,22,10,0.33,0.67,,D22_R_1_3,-45.94,0.01,-358.5,0.05,,,
-1.94392,-75.33368,D22_R_1_6,44.9,D,22,10,0.67,1,,D22_R_1_6,-44.32,0.01,-347.3,0.04,,,
-1.94392,-75.33368,D22_R_2_0,23.4,D,22,20,0,0.33,,D22_R_2_0,-44.24,0.01,-345.3,0.07,,,
-1.94392,-75.33368,D22_R_2_3,63.8,D,22,20,0.33,0.67,,D22_R_2_3,-45.42,0.01,-355.4,0.04,,,
-1.94392,-75.33368,D22_R_2_6,38.8,D,22,20,0.67,1,,D22_R_2_6,-44.15,0.01,-346.3,0.05,,,
-1.94392,-75.33368,D22_R_3_0,77.8,D,22,30,0,0.33,,D22_R_3_0,-45.57,0.01,-356.9,0.09,,,
-1.94392,-75.33368,D22_R_3_3,61.6,D,22,30,0.33,0.67,,D22_R_3_3,-45.85,0.01,-359.9,0.04,,,
-1.94392,-75.33368,D22_R_3_6,44.7,D,22,30,0.67,1,,D22_R_3_6,-45.57,0.01,-355.3,0.04,,,
-1.94392,-75.33368,D22_R_4_0,85.5,D,22,40,0,0.33,,D22_R_4_0,-44.35,0.00,-347.7,0.02,,,
-1.94392,-75.33368,D22_R_4_3,67.3,D,22,40,0.33,0.67,,D22_R_4_3,-45.25,0.00,-356.6,0.03,,,
-1.94392,-75.33368,D22_R_4_6,32.3,D,22,40,0.67,1,,D22_R_4_6,-42.01,0.04,-328.3,0.57,,,
-1.94392,-75.33368,D22_R_5_0,87,D,22,50,0,0.33,,D22_R_5_0,-43.47,0.02,-341.7,0.10,,,
-1.94392,-75.33368,D22_R_5_3,63.5,D,22,50,0.33,0.67,,D22_R_5_3,-46.91,0.01,-369.2,0.09,,,
-1.94392,-75.33368,D22_R_5_6,34.3,D,22,50,0.67,1,,D22_R_5_6,-42.05,0.01,-326.6,0.05,,,
-1.94392,-75.33368,D22_R_6_0,86.3,D,22,60,0,0.33,,D22_R_6_0,-43.55,0.01,-343.0,0.07,,,
-1.94392,-75.33368,D22_R_6_3,72.3,D,22,60,0.33,0.67,,D22_R_6_3,-45.67,0.01,-359.4,0.04,,,
-1.94392,-75.33368,D22_R_6_6,40.1,D,22,60,0.67,1,,D22_R_6_6,-45.22,0.02,-354.4,0.04,,,
-1.94392,-75.33368,D22_R_7_0,79,D,22,70,0,0.33,,D22_R_7_0,-46.71,0.00,-366.7,0.05,,,
-1.94392,-75.33368,D22_R_7_3,77.1,D,22,70,0.33,0.67,,D22_R_7_3,-45.89,0.01,-360.3,0.06,,,
-1.94392,-75.33368,D22_R_7_6,19.1,D,22,70,0.67,1,,D22_R_7_6,-40.06,0.01,-318.3,0.03,,,
-1.94392,-75.33368,D22_R_8_0,86.6,D,22,80,0,0.33,,D22_R_8_0,-44.14,0.01,-345.8,0.07,,,
-1.94392,-75.33368,D22_R_8_3,75.9,D,22,80,0.33,0.67,,D22_R_8_3,-46.74,0.00,-363.8,0.03,,,
-1.94392,-75.33368,D22_R_8_6,34.7,D,22,80,0.67,1,,D22_R_8_6,-47.18,0.01,-369.2,0.03,,,
-1.94392,-75.33368,D22_R_9_0,80.5,D,22,90,0,0.33,,D22_R_9_0,-41.06,0.01,-323.4,0.01,,,
-1.94392,-75.33368,D22_R_9_3,67.5,D,22,90,0.33,0.67,,D22_R_9_3,-45.60,0.02,-357.4,0.07,,,
-1.94392,-75.33368,D22_R_9_6,52,D,22,90,0.67,1,,D22_R_9_6,,,,,"sample lost, leaking bag",,
-1.79808,-75.30838,D24_R_7_0,65.6,D,24,70,0,0.33,,D24_R_7_0,-43.08,0.06,-334.2,0.26,,,
-1.79808,-75.30838,D24_R_7_3,75.5,D,24,70,0.33,0.67,,D24_R_7_3,-43.36,0.07,-341.9,0.49,,,
-1.79808,-75.30838,D24_R_7_6,17.9,D,24,70,0.67,1,,D24_R_7_6,-39.37,0.02,-313.8,0.09,,,
-1.79808,-75.30838,D24_R_8_0,83.6,D,24,80,0,0.33,,D24_R_8_0,-43.04,0.06,-342.2,0.63,,,
-1.79808,-75.30838,D24_R_8_3,74.9,D,24,80,0.33,0.67,,D24_R_8_3,-45.26,0.02,-356.1,0.37,,,
-1.79808,-75.30838,D24_R_8_6,67.4,D,24,80,0.67,1,,D24_R_8_6,-44.43,0.06,-347.7,0.61,,,
-1.50794,-75.2575,D28_R_0_0,83,D,28,0,0,0.33,,D28_R_0_0,-44.22,0.01,-346.4,0.04,,,
-1.50794,-75.2575,D28_R_0_3,66.6,D,28,0,0.33,0.67,,D28_R_0_3,-48.26,0.01,-378.0,0.04,,,
-1.50794,-75.2575,D28_R_0_6,30.2,D,28,0,0.67,1,,D28_R_0_6,-42.19,0.01,-331.9,0.06,,,
-1.50794,-75.2575,D28_R_1_0,74.7,D,28,10,0,0.33,,D28_R_1_0,-45.95,0.01,-361.1,0.05,,,
-1.50794,-75.2575,D28_R_1_3,62,D,28,10,0.33,0.67,,D28_R_1_3,-47.42,0.02,-371.4,0.22,,,
-1.50794,-75.2575,D28_R_1_6,41.1,D,28,10,0.67,1,,D28_R_1_6,-44.75,0.01,-350.4,0.02,,,
-1.50794,-75.2575,D28_R_2_0,77.3,D,28,20,0,0.33,,D28_R_2_0,-44.93,0.01,-353.8,0.02,,,
-1.50794,-75.2575,D28_R_2_3,61.3,D,28,20,0.33,0.67,,D28_R_2_3,-46.63,0.01,-364.8,0.04,,,
-1.50794,-75.2575,D28_R_2_6,51.1,D,28,20,0.67,1,,D28_R_2_6,-46.82,0.01,-367.7,0.02,,,
-1.50794,-75.2575,D28_R_3_0,108,D,28,30,0,0.33,,D28_R_3_0,-43.48,0.01,-339.5,0.04,,,
-1.50794,-75.2575,D28_R_3_3,62.9,D,28,30,0.33,0.67,,D28_R_3_3,-44.58,0.01,-350.2,0.02,,,
-1.50794,-75.2575,D28_R_3_6,6.3,D,28,30,0.67,1,,D28_R_3_6,-40.53,0.01,-321.0,0.03,,,
-1.50794,-75.2575,D28_R_4_0,86.7,D,28,40,0,0.33,,D28_R_4_0,-44.61,0.00,-350.1,0.06,,,
-1.50794,-75.2575,D28_R_4_3,65.4,D,28,40,0.33,0.67,,D28_R_4_3,-46.08,0.00,-362.1,0.01,,,
-1.50794,-75.2575,D28_R_4_6,33.4,D,28,40,0.67,1,,D28_R_4_6,-48.03,0.00,-375.6,0.04,,,
-1.50794,-75.2575,D28_R_5_0,80.1,D,28,50,0,0.33,,D28_R_5_0,-46.61,0.01,-365.0,0.04,,,
-1.50794,-75.2575,D28_R_5_3,65.3,D,28,50,0.33,0.67,,D28_R_5_3,-45.90,0.01,-359.4,0.03,,,
-1.50794,-75.2575,D28_R_5_6,50.2,D,28,50,0.67,1,,D28_R_5_6,-46.34,0.00,-362.9,0.03,,,
-1.50794,-75.2575,D28_R_6_0,76.2,D,28,60,0,0.33,,D28_R_6_0,-45.80,0.01,-358.4,0.04,,,
-1.50794,-75.2575,D28_R_6_3,68.2,D,28,60,0.33,0.67,,D28_R_6_3,-45.88,0.01,-358.7,0.02,,,
-1.50794,-75.2575,D28_R_6_6,52.5,D,28,60,0.67,1,,D28_R_6_6,-46.48,0.01,-363.5,0.05,,,
-1.50794,-75.2575,D28_R_7_0,78,D,28,70,0,0.33,,D28_R_7_0,-43.86,0.01,-343.1,0.01,,,
-1.50794,-75.2575,D28_R_7_3,69.8,D,28,70,0.33,0.67,,D28_R_7_3,-48.55,0.01,-379.9,0.02,,,
-1.50794,-75.2575,D28_R_7_6,43.8,D,28,70,0.67,1,,D28_R_7_6,-46.92,0.02,-366.1,0.23,,,
-1.50794,-75.2575,D28_R_8_0,75.6,D,28,80,0,0.33,,D28_R_8_0,-44.98,0.01,-350.6,0.04,,,
-1.50794,-75.2575,D28_R_8_3,62,D,28,80,0.33,0.67,,D28_R_8_3,-43.11,0.01,-337.8,0.03,,,
-1.50794,-75.2575,D28_R_8_6,46.4,D,28,80,0.67,1,,D28_R_8_6,-44.96,0.01,-352.2,0.03,,,
-1.50794,-75.2575,D28_R_9_0,73.5,D,28,90,0,0.33,,D28_R_9_0,-44.69,0.01,-348.6,0.06,,,
-1.50794,-75.2575,D28_R_9_3,60,D,28,90,0.33,0.67,,D28_R_9_3,-46.70,0.01,-364.8,0.03,,,
-1.50794,-75.2575,D28_R_9_6,50.5,D,28,90,0.67,1,,D28_R_9_6,-47.30,0.01,-369.9,0.05,,,
-1.21982,-75.20625,D32_R_0_0,79.9,D,32,0,0,0.33,,D32_R_0_0,-43.45,0.03,-339.5,0.37,,,
-1.21982,-75.20625,D32_R_0_3,65,D,32,0,0.33,0.67,,D32_R_0_3,-45.40,0.06,-354.6,0.60,,,
-1.21982,-75.20625,D32_R_0_6,31.9,D,32,0,0.67,1,,D32_R_0_6,-45.51,0.05,-355.6,0.29,,,
-1.21982,-75.20625,D32_R_1_0,80.7,D,32,10,0,0.33,,D32_R_1_0,-42.66,0.03,-334.0,0.33,,,
-1.21982,-75.20625,D32_R_1_3,62.5,D,32,10,0.33,0.67,,D32_R_1_3,-43.40,0.04,-342.0,0.21,,,
-1.21982,-75.20625,D32_R_1_6,39.7,D,32,10,0.67,1,,D32_R_1_6,-47.52,0.03,-374.7,0.49,,,
-1.21982,-75.20625,D32_R_2_0,88.2,D,32,20,0,0.33,,D32_R_2_0,-43.84,0.08,-344.3,0.40,,,
-1.21982,-75.20625,D32_R_2_3,73.4,D,32,20,0.33,0.67,,D32_R_2_3,-45.71,0.03,-356.1,0.17,,,
-1.21982,-75.20625,D32_R_2_6,21.5,D,32,20,0.67,1,,D32_R_2_6,-41.94,0.06,-333.5,0.24,,,
-1.21982,-75.20625,D32_R_3_0,79.1,D,32,30,0,0.33,,D32_R_3_0,-43.78,0.06,-342.9,0.58,,,
-1.21982,-75.20625,D32_R_3_3,67.5,D,32,30,0.33,0.67,,D32_R_3_3,-45.41,0.04,-354.5,0.47,,,
-1.21982,-75.20625,D32_R_3_6,46.5,D,32,30,0.67,1,,D32_R_3_6,-42.71,0.04,-335.6,0.52,,,
-1.21982,-75.20625,D32_R_4_0,80.3,D,32,40,0,0.33,,D32_R_4_0,-44.11,0.06,-347.7,0.31,,,
-1.21982,-75.20625,D32_R_4_3,58.5,D,32,40,0.33,0.67,,D32_R_4_3,-45.90,0.04,-359.8,0.16,,,
-1.21982,-75.20625,D32_R_4_6,44.3,D,32,40,0.67,1,,D32_R_4_6,-47.23,0.09,-367.2,0.29,,,
-1.21982,-75.20625,D32_R_5_0,96.1,D,32,50,0,0.33,,D32_R_5_0,-42.69,0.07,-332.5,0.32,,,
-1.21982,-75.20625,D32_R_5_3,49.1,D,32,50,0.33,0.67,,D32_R_5_3,-44.30,0.07,-347.3,0.35,,,
-1.21982,-75.20625,D32_R_5_6,30.7,D,32,50,0.67,1,,D32_R_5_6,-44.68,0.05,-353.0,0.36,,,
-1.21982,-75.20625,D32_R_6_0,78.6,D,32,60,0,0.33,,D32_R_6_0,-42.53,0.03,-333.3,0.53,,,
-1.21982,-75.20625,D32_R_6_3,66.8,D,32,60,0.33,0.67,,D32_R_6_3,-44.38,0.09,-348.7,0.37,,,
-1.21982,-75.20625,D32_R_6_6,21.5,D,32,60,0.67,1,,D32_R_6_6,-43.50,0.04,-341.4,0.25,,,
-1.21982,-75.20625,D32_R_7_0,75.2,D,32,70,0,0.33,,D32_R_7_0,-45.32,0.01,-354.8,0.22,,,
-1.21982,-75.20625,D32_R_7_3,59.1,D,32,70,0.33,0.67,,D32_R_7_3,-44.90,0.06,-350.7,0.18,,,
-1.21982,-75.20625,D32_R_7_6,44.9,D,32,70,0.67,1,,D32_R_7_6,-42.98,0.09,-335.4,0.25,,,
-1.21982,-75.20625,D32_R_8_0,70.6,D,32,80,0,0.33,,D32_R_8_0,-45.51,0.04,-357.1,0.43,,,
-1.21982,-75.20625,D32_R_8_3,67.3,D,32,80,0.33,0.67,,D32_R_8_3,-45.63,0.05,-356.7,0.40,,,
-1.21982,-75.20625,D32_R_8_6,47.5,D,32,80,0.67,1,,D32_R_8_6,-43.93,0.06,-342.2,0.31,,,
-1.21982,-75.20625,D32_R_9_0,74.1,D,32,90,0,0.33,,D32_R_9_0,-44.55,0.07,-350.6,0.21,,,
-1.21982,-75.20625,D32_R_9_3,67.9,D,32,90,0.33,0.67,,D32_R_9_3,-44.83,0.07,-350.9,0.34,,,
-1.21982,-75.20625,D32_R_9_6,49,D,32,90,0.67,1,,D32_R_9_6,-44.12,0.04,-344.4,0.34,,,
-0.93371,-75.15465,D36_R_0_0,82,D,36,0,0,0.33,,D36_R_0_0,-43.12,0.06,-341.1,0.19,,,
-0.93371,-75.15465,D36_R_0_3,61.8,D,36,0,0.33,0.67,,D36_R_0_3,-47.41,0.05,-374.2,0.48,,,
-0.93371,-75.15465,D36_R_0_6,37.2,D,36,0,0.67,1,,D36_R_0_6,-44.45,0.05,-349.7,0.46,,,
-0.93371,-75.15465,D36_R_1_0,68.7,D,36,10,0,0.33,,D36_R_1_0,-44.58,0.05,-349.1,0.25,,,
-0.93371,-75.15465,D36_R_1_3,58.4,D,36,10,0.33,0.67,,D36_R_1_3,-45.35,0.07,-353.9,0.55,,,
-0.93371,-75.15465,D36_R_1_6,47.9,D,36,10,0.67,1,,D36_R_1_6,-47.46,0.04,-369.6,0.40,,,
-0.93371,-75.15465,D36_R_2_0,80.7,D,36,20,0,0.33,,D36_R_2_0,-43.50,0.07,-339.0,0.29,,,
-0.93371,-75.15465,D36_R_2_3,59.5,D,36,20,0.33,0.67,,D36_R_2_3,-47.66,0.02,-373.0,0.24,,,
-0.93371,-75.15465,D36_R_2_6,31.4,D,36,20,0.67,1,,D36_R_2_6,-44.11,0.01,-346.7,0.70,,,
-0.93371,-75.15465,D36_R_3_0,93.4,D,36,30,0,0.33,,D36_R_3_0,-45.96,0.04,-361.9,0.47,,,
-0.93371,-75.15465,D36_R_3_3,65.8,D,36,30,0.33,0.67,,D36_R_3_3,-43.85,0.07,-344.8,0.48,,,
-0.93371,-75.15465,D36_R_3_6,14.9,D,36,30,0.67,1,,D36_R_3_6,-39.94,0.09,-316.2,0.44,,,
-0.93371,-75.15465,D36_R_4_0,70.2,D,36,40,0,0.33,,D36_R_4_0,-43.81,0.06,-341.9,0.23,,,
-0.93371,-75.15465,D36_R_4_3,58.2,D,36,40,0.33,0.67,,D36_R_4_3,-48.21,0.06,-376.7,0.51,,,
-0.93371,-75.15465,D36_R_4_6,51.4,D,36,40,0.67,1,,D36_R_4_6,-44.12,0.08,-346.3,0.44,,,
-0.93371,-75.15465,D36_R_5_0,88.1,D,36,50,0,0.33,,D36_R_5_0,-44.70,0.02,-351.4,0.50,,,
-0.93371,-75.15465,D36_R_5_3,69,D,36,50,0.33,0.67,,D36_R_5_3,-45.72,0.09,-361.2,0.62,,,
-0.93371,-75.15465,D36_R_5_6,25.9,D,36,50,0.67,1,,D36_R_5_6,-43.75,0.03,-342.9,0.36,,,
-0.93371,-75.15465,D36_R_6_0,82,D,36,60,0,0.33,,D36_R_6_0,-44.47,0.05,-351.2,0.56,,,
-0.93371,-75.15465,D36_R_6_3,66.6,D,36,60,0.33,0.67,,D36_R_6_3,-48.30,0.07,-379.8,0.21,,,
-0.93371,-75.15465,D36_R_6_6,42,D,36,60,0.67,1,,D36_R_6_6,-45.74,0.09,-358.9,0.58,,,
-0.93371,-75.15465,D36_R_7_0,86.2,D,36,70,0,0.33,,D36_R_7_0,-44.18,0.05,-345.7,0.72,,,
-0.93371,-75.15465,D36_R_7_3,68.4,D,36,70,0.33,0.67,,D36_R_7_3,-43.28,0.04,-340.4,0.52,,,
-0.93371,-75.15465,D36_R_7_6,46.9,D,36,70,0.67,1,,D36_R_7_6,-45.63,0.05,-357.5,0.08,,,
-0.93371,-75.15465,D36_R_8_0,90.6,D,36,80,0,0.33,,D36_R_8_0,-40.38,0.03,-318.2,0.55,,,
-0.93371,-75.15465,D36_R_8_3,70.1,D,36,80,0.33,0.67,,D36_R_8_3,-45.73,0.06,-359.9,0.30,,,
-0.93371,-75.15465,D36_R_8_6,21.7,D,36,80,0.67,1,,D36_R_8_6,-42.67,0.01,-336.5,0.25,,,
-0.93371,-75.15465,D36_R_9_0,70.4,D,36,90,0,0.33,,D36_R_9_0,-45.64,0.04,-358.5,0.51,,,
-0.93371,-75.15465,D36_R_9_3,60.2,D,36,90,0.33,0.67,,D36_R_9_3,-47.18,0.06,-371.1,0.32,,,
-0.93371,-75.15465,D36_R_9_6,45.6,D,36,90,0.67,1,,D36_R_9_6,-45.89,0.05,-360.6,0.33,,,
-0.79141,-75.12871,D38_R_6_0,81.3,D,38,60,0,0.33,,D38_R_6_0,-44.82,0.04,-349.3,0.32,,,
-0.79141,-75.12871,D38_R_6_3,58.5,D,38,60,0.33,0.67,,D38_R_6_3,-45.91,0.06,-359.4,0.38,,,
-0.79141,-75.12871,D38_R_6_6,30.7,D,38,60,0.67,1,,D38_R_6_6,-45.47,0.04,-359.1,0.48,,,
-0.79141,-75.12871,D38_R_7_0,77.3,D,38,70,0,0.33,,D38_R_7_0,-44.91,0.07,-353.5,0.61,,,
-0.79141,-75.12871,D38_R_7_3,54.1,D,38,70,0.33,0.67,,D38_R_7_3,-44.37,0.07,-349.2,0.62,,,
-0.79141,-75.12871,D38_R_7_6,40.7,D,38,70,0.67,1,,D38_R_7_6,-46.98,0.06,-368.4,0.33,,,
-0.79141,-75.12871,D38_R_8_0,76.6,D,38,80,0,0.33,,D38_R_8_0,-43.98,0.09,-345.7,0.42,,,
-0.79141,-75.12871,D38_R_8_3,55.2,D,38,80,0.33,0.67,,D38_R_8_3,-48.55,0.03,-379.0,0.43,,,
-0.79141,-75.12871,D38_R_8_6,32.7,D,38,80,0.67,1,,D38_R_8_6,-46.17,0.05,-362.2,0.66,,,
-0.79141,-75.12871,D38_R_9_0,72.2,D,38,90,0,0.33,,D38_R_9_0,-45.05,0.04,-353.2,0.32,,,
-0.79141,-75.12871,D38_R_9_3,54.6,D,38,90,0.33,0.67,,D38_R_9_3,-45.44,0.05,-358.0,0.26,,,
-0.79141,-75.12871,D38_R_9_6,45.8,D,38,90,0.67,1,,D38_R_9_6,-46.63,0.05,-364.7,0.47,,,
-0.50832,-75.07656,D42_R_0_0,71.7,D,42,0,0,0.33,,D42_R_0_0,-46.37,0.06,-361.9,0.42,,,
-0.50832,-75.07656,D42_R_0_3,58,D,42,0,0.33,0.67,,D42_R_0_3,-46.63,0.09,-367.1,0.25,,,
-0.50832,-75.07656,D42_R_0_6,45,D,42,0,0.67,1,,D42_R_0_6,-44.29,0.05,-353.7,0.61,,,
-0.50832,-75.07656,D42_R_1_0,83.1,D,42,10,0,0.33,,D42_R_1_0,-41.93,0.06,-331.9,0.34,,,
-0.50832,-75.07656,D42_R_1_3,59,D,42,10,0.33,0.67,,D42_R_1_3,-44.23,0.03,-347.6,0.44,,,
-0.50832,-75.07656,D42_R_1_6,35.9,D,42,10,0.67,1,,D42_R_1_6,-46.19,0.05,-362.7,0.35,,,
-0.50832,-75.07656,D42_R_2_0,84.6,D,42,20,0,0.33,,D42_R_2_0,-44.76,0.08,-350.9,0.36,,,
-0.50832,-75.07656,D42_R_2_3,60.7,D,42,20,0.33,0.67,,D42_R_2_3,-45.43,0.08,-355.4,0.45,,,
-0.50832,-75.07656,D42_R_2_6,28.2,D,42,20,0.67,1,,D42_R_2_6,-44.27,0.05,-347.0,0.29,,,
-0.50832,-75.07656,D42_R_3_0,76.3,D,42,30,0,0.33,,D42_R_3_0,-43.83,0.04,-344.4,0.31,,,
-0.50832,-75.07656,D42_R_3_3,64.2,D,42,30,0.33,0.67,,D42_R_3_3,-45.09,0.08,-351.0,0.28,,,
-0.50832,-75.07656,D42_R_3_6,39,D,42,30,0.67,1,,D42_R_3_6,-47.03,0.04,-368.6,0.41,,,
-0.50832,-75.07656,D42_R_4_0,82.2,D,42,40,0,0.33,,D42_R_4_0,-44.31,0.08,-350.5,0.57,,,
-0.50832,-75.07656,D42_R_4_3,61,D,42,40,0.33,0.67,,D42_R_4_3,-45.27,0.06,-352.6,0.63,,,
-0.50832,-75.07656,D42_R_4_6,23,D,42,40,0.67,1,,D42_R_4_6,-45.35,0.08,-357.5,0.62,,,
-0.50832,-75.07656,D42_R_5_0,77.6,D,42,50,0,0.33,,D42_R_5_0,-44.80,0.04,-349.8,0.29,,,
-0.50832,-75.07656,D42_R_5_3,55.8,D,42,50,0.33,0.67,,D42_R_5_3,-45.23,0.06,-352.5,0.38,,,
-0.50832,-75.07656,D42_R_5_6,45.8,D,42,50,0.67,1,,D42_R_5_6,-43.11,0.06,-340.8,0.34,,,
-0.50832,-75.07656,D42_R_6_0,86.2,D,42,60,0,0.33,,D42_R_6_0,-44.95,0.03,-352.4,0.65,,,
-0.50832,-75.07656,D42_R_6_3,43.6,D,42,60,0.33,0.67,,D42_R_6_3,-43.28,0.09,-338.7,0.29,,,
-0.50832,-75.07656,D42_R_6_6,25.1,D,42,60,0.67,1,,D42_R_6_6,-44.85,0.02,-354.1,0.47,,,
-0.50832,-75.07656,D42_R_7_0,94.3,D,42,70,0,0.33,,D42_R_7_0,-44.20,0.08,-348.8,0.32,,,
-0.50832,-75.07656,D42_R_7_3,53.4,D,42,70,0.33,0.67,,D42_R_7_3,-45.78,0.08,-359.7,0.68,,,
-0.50832,-75.07656,D42_R_7_6,6,D,42,70,0.67,1,,D42_R_7_6,-49.54,0.07,-386.4,0.56,,,
-0.50832,-75.07656,D42_R_8_0,85.1,D,42,80,0,0.33,,D42_R_8_0,-45.42,0.06,-355.4,0.34,,,
-0.50832,-75.07656,D42_R_8_3,62,D,42,80,0.33,0.67,,D42_R_8_3,-45.88,0.04,-359.3,0.22,,,
-0.50832,-75.07656,D42_R_8_6,37.7,D,42,80,0.67,1,,D42_R_8_6,-47.30,0.05,-369.4,0.61,,,
-0.50832,-75.07656,D42_R_9_0,71,D,42,90,0,0.33,,D42_R_9_0,-43.55,0.07,-340.3,0.44,,,
-0.50832,-75.07656,D42_R_9_3,64.2,D,42,90,0.33,0.67,,D42_R_9_3,-46.09,0.05,-360.7,0.54,,,
-0.50832,-75.07656,D42_R_9_6,53,D,42,90,0.67,1,,D42_R_9_6,-49.22,0.02,-385.8,0.50,,,
-0.22723,-75.02407,D46_R_0_0,76.7,D,46,0,0,0.33,,D46_R_0_0,-43.51,0.08,-340.9,0.13,,,
-0.22723,-75.02407,D46_R_0_3,60,D,46,0,0.33,0.67,,D46_R_0_3,-46.52,0.05,-364.0,0.58,,,
-0.22723,-75.02407,D46_R_0_6,38.6,D,46,0,0.67,1,,D46_R_0_6,-51.07,0.02,-395.4,0.27,,,
-0.22723,-75.02407,D46_R_1_0,87,D,46,10,0,0.33,,D46_R_1_0,-44.86,0.07,-352.3,0.65,,,
-0.22723,-75.02407,D46_R_1_3,60.9,D,46,10,0.33,0.67,,D46_R_1_3,-48.04,0.03,-376.3,0.56,,,
-0.22723,-75.02407,D46_R_1_6,23.6,D,46,10,0.67,1,,D46_R_1_6,-46.91,0.07,-369.3,0.46,,,
-0.22723,-75.02407,D46_R_2_0,80.8,D,46,20,0,0.33,,D46_R_2_0,-42.34,0.02,-330.6,0.53,,,
-0.22723,-75.02407,D46_R_2_3,54.6,D,46,20,0.33,0.67,,D46_R_2_3,-42.78,0.03,-333.8,0.40,,,
-0.22723,-75.02407,D46_R_2_6,37,D,46,20,0.67,1,,D46_R_2_6,-46.01,0.04,-365.3,0.20,,,
-0.22723,-75.02407,D46_R_3_0,76.1,D,46,30,0,0.33,,D46_R_3_0,-44.12,0.05,-347.8,0.68,,,
-0.22723,-75.02407,D46_R_3_3,67,D,46,30,0.33,0.67,,D46_R_3_3,-43.08,0.04,-335.3,0.61,,,
-0.22723,-75.02407,D46_R_3_6,49.4,D,46,30,0.67,1,,D46_R_3_6,-44.82,0.04,-351.6,0.26,,,
-0.22723,-75.02407,D46_R_4_0,89.7,D,46,40,0,0.33,,D46_R_4_0,-42.34,0.06,-335.5,0.25,,,
-0.22723,-75.02407,D46_R_4_3,66.9,D,46,40,0.33,0.67,,D46_R_4_3,-45.14,0.04,-355.7,0.23,,,
-0.22723,-75.02407,D46_R_4_6,35.7,D,46,40,0.67,1,,D46_R_4_6,-42.97,0.04,-338.9,0.19,,,
-0.22723,-75.02407,D46_R_5_0,78.6,D,46,50,0,0.33,,D46_R_5_0,-45.53,0.01,-357.8,0.34,,,
-0.22723,-75.02407,D46_R_5_3,62,D,46,50,0.33,0.67,,D46_R_5_3,-44.06,0.07,-344.6,0.42,,,
-0.22723,-75.02407,D46_R_5_6,37.9,D,46,50,0.67,1,,D46_R_5_6,-47.07,0.05,-370.3,0.55,,,
-0.22723,-75.02407,D46_R_6_0,71.6,D,46,60,0,0.33,,D46_R_6_0,-43.27,0.03,-339.4,0.51,,,
-0.22723,-75.02407,D46_R_6_3,59.8,D,46,60,0.33,0.67,,D46_R_6_3,-44.32,0.09,-347.7,0.22,,,
-0.22723,-75.02407,D46_R_6_6,44,D,46,60,0.67,1,,D46_R_6_6,-46.54,0.05,-367.1,0.31,,,
-0.22723,-75.02407,D46_R_7_0,99.6,D,46,70,0,0.33,,D46_R_7_0,-43.23,0.04,-340.4,0.20,,,
-0.22723,-75.02407,D46_R_7_3,56.7,D,46,70,0.33,0.67,,D46_R_7_3,-44.76,0.03,-351.3,0.37,,,
-0.22723,-75.02407,D46_R_7_6,20,D,46,70,0.67,1,,D46_R_7_6,-41.02,0.07,-327.8,0.38,,,
-0.22723,-75.02407,D46_R_8_0,71.5,D,46,80,0,0.33,,D46_R_8_0,-41.75,0.08,-326.3,0.37,,,
-0.22723,-75.02407,D46_R_8_3,66,D,46,80,0.33,0.67,,D46_R_8_3,-42.48,0.08,-332.9,0.50,,,
-0.22723,-75.02407,D46_R_8_6,43.3,D,46,80,0.67,1,,D46_R_8_6,-45.14,0.08,-357.3,0.40,,,
-0.22723,-75.02407,D46_R_9_0,67.3,D,46,90,0,0.33,,D46_R_9_0,-43.56,0.06,-342.5,0.46,,,
-0.22723,-75.02407,D46_R_9_3,61.5,D,46,90,0.33,0.67,,D46_R_9_3,-45.05,0.03,-353.0,0.44,,,
-0.22723,-75.02407,D46_R_9_6,44.6,D,46,90,0.67,1,,D46_R_9_6,-43.94,0.07,-346.3,0.44,,,
0.0519,-74.97123,D50_R_0_0,77.1,D,50,0,0,0.33,,D50_R_0_0,-43.69,0.03,-342.9,0.27,,,
0.0519,-74.97123,D50_R_0_3,60.4,D,50,0,0.3,0.67,,D50_R_0_3,-45.65,0.05,-359.3,0.17,,,
0.0519,-74.97123,D50_R_0_6,38.8,D,50,0,0.67,1,,D50_R_0_6,-46.70,0.08,-364.5,0.57,,,
0.0519,-74.97123,D50_R_1_0,82.7,D,50,10,0,0.33,,D50_R_1_0,-43.98,0.06,-346.0,0.18,,,
0.0519,-74.97123,D50_R_1_3,58.7,D,50,10,0.3,0.67,,D50_R_1_3,-45.10,0.06,-354.2,0.47,,,
0.0519,-74.97123,D50_R_1_6,30.3,D,50,10,0.67,1,,D50_R_1_6,-47.55,0.08,-372.9,0.47,,,
0.0519,-74.97123,D50_R_2_0,72.7,D,50,20,0,0.33,,D50_R_2_0,-44.16,0.08,-347.6,0.43,,,
0.0519,-74.97123,D50_R_2_3,56.2,D,50,20,0.3,0.67,,D50_R_2_3,-43.06,0.04,-340.1,0.32,,,
0.0519,-74.97123,D50_R_2_6,52.7,D,50,20,0.67,1,,D50_R_2_6,-42.36,0.05,-335.6,0.61,,,
0.0519,-74.97123,D50_R_3_0,86.6,D,50,30,0,0.33,,D50_R_3_0,-42.82,0.01,-335.4,0.43,,,
0.0519,-74.97123,D50_R_3_3,55.9,D,50,30,0.3,0.67,,D50_R_3_3,-43.93,0.05,-343.2,0.17,,,
0.0519,-74.97123,D50_R_3_6,36.2,D,50,30,0.67,1,,D50_R_3_6,-48.91,0.07,-383.9,0.30,,,
0.0519,-74.97123,D50_R_4_0,73,D,50,40,0,0.33,,D50_R_4_0,-43.38,0.08,-341.5,0.63,,,
0.0519,-74.97123,D50_R_4_3,60.9,D,50,40,0.3,0.67,,D50_R_4_3,-43.72,0.03,-343.9,0.32,,,
0.0519,-74.97123,D50_R_4_6,49.4,D,50,40,0.67,1,,D50_R_4_6,-46.26,0.05,-363.9,0.28,,,
0.0519,-74.97123,D50_R_5_0,88.9,D,50,50,0,0.33,,D50_R_5_0,-42.26,0.02,-332.5,0.47,,,
0.0519,-74.97123,D50_R_5_3,58.4,D,50,50,0.3,0.67,,D50_R_5_3,-43.83,0.05,-347.1,0.07,,,
0.0519,-74.97123,D50_R_5_6,37.2,D,50,50,0.67,1,,D50_R_5_6,-47.64,0.05,-376.4,0.42,,,
0.0519,-74.97123,D50_R_6_0,79,D,50,60,0,0.33,,D50_R_6_0,-43.73,0.03,-342.8,0.26,,,
0.0519,-74.97123,D50_R_6_3,64.9,D,50,60,0.3,0.67,,D50_R_6_3,-41.69,0.09,-326.7,0.25,,,
0.0519,-74.97123,D50_R_6_6,41.6,D,50,60,0.67,1,,D50_R_6_6,-47.03,0.06,-368.4,0.33,,,
0.0519,-74.97123,D50_R_7_0,79,D,50,70,0,0.33,,D50_R_7_0,-44.20,0.02,-346.9,0.21,,,
0.0519,-74.97123,D50_R_7_3,56.1,D,50,70,0.3,0.67,,D50_R_7_3,-43.06,0.04,-335.8,0.63,,,
0.0519,-74.97123,D50_R_7_6,46.9,D,50,70,0.67,1,,D50_R_7_6,-45.14,0.03,-355.4,0.71,,,
0.0519,-74.97123,D50_R_8_0,81,D,50,80,0,0.33,,D50_R_8_0,-43.68,0.05,-342.3,0.14,,,
0.0519,-74.97123,D50_R_8_3,77.7,D,50,80,0.3,0.67,,D50_R_8_3,-42.15,0.04,-329.9,0.58,,,
0.0519,-74.97123,D50_R_8_6,22.1,D,50,80,0.67,1,,D50_R_8_6,-47.95,0.07,-380.1,0.41,,,
0.0519,-74.97123,D50_R_9_0,67.6,D,50,90,0,0.33,,D50_R_9_0,-43.83,0.03,-347.8,0.35,,,
0.0519,-74.97123,D50_R_9_3,58.2,D,50,90,0.3,0.67,,D50_R_9_3,-43.71,0.02,-343.1,0.45,,,
0.0519,-74.97123,D50_R_9_6,50.7,D,50,90,0.67,1,,D50_R_9_6,-42.10,0.05,-328.5,0.30,,,
